Date,GLD,IBIT,SLV
27/04/2015,115.3300,0.0000,15.6600
28/04/2015,116.3300,0.0000,15.8700
29/04/2015,115.5100,0.0000,15.8100
30/04/2015,113.4700,0.0000,15.4300
01/05/2015,113.0800,0.0000,15.4700
04/05/2015,114.1000,0.0000,15.7000
05/05/2015,114.4200,0.0000,15.8100
06/05/2015,114.3600,0.0000,15.7700
07/05/2015,113.4200,0.0000,15.6000
08/05/2015,113.9700,0.0000,15.7600
11/05/2015,113.5300,0.0000,15.5700
12/05/2015,114.5000,0.0000,15.8100
13/05/2015,116.5500,0.0000,16.3500
14/05/2015,117.1800,0.0000,16.6500
15/05/2015,117.5300,0.0000,16.7500
18/05/2015,117.5200,0.0000,16.8900
19/05/2015,115.8900,0.0000,16.3800
20/05/2015,116.0800,0.0000,16.3700
21/05/2015,115.6900,0.0000,16.3900
22/05/2015,115.6000,0.0000,16.3400
26/05/2015,113.9100,0.0000,16.0200
27/05/2015,113.8900,0.0000,15.9600
28/05/2015,114.0200,0.0000,15.9700
29/05/2015,114.1000,0.0000,15.9900
01/06/2015,114.0000,0.0000,16.0000
02/06/2015,114.4600,0.0000,16.0700
03/06/2015,113.6400,0.0000,15.8300
04/06/2015,112.8400,0.0000,15.4800
05/06/2015,112.2400,0.0000,15.3900
08/06/2015,112.5700,0.0000,15.3200
09/06/2015,112.8200,0.0000,15.2900
10/06/2015,113.7800,0.0000,15.3200
11/06/2015,113.2600,0.0000,15.3300
12/06/2015,113.2300,0.0000,15.2500
15/06/2015,113.7300,0.0000,15.4000
16/06/2015,113.3200,0.0000,15.3200
17/06/2015,113.8500,0.0000,15.4500
18/06/2015,115.3200,0.0000,15.4600
19/06/2015,115.1200,0.0000,15.4200
22/06/2015,113.6400,0.0000,15.4900
23/06/2015,112.8900,0.0000,15.1400
24/06/2015,112.5900,0.0000,15.1900
25/06/2015,112.4400,0.0000,15.1700
26/06/2015,112.5600,0.0000,15.1100
29/06/2015,113.0700,0.0000,15.0300
30/06/2015,112.3700,0.0000,15.0300
01/07/2015,111.9800,0.0000,14.9000
02/07/2015,111.7600,0.0000,14.9500
06/07/2015,112.0600,0.0000,14.9900
07/07/2015,110.7600,0.0000,14.4300
08/07/2015,111.0900,0.0000,14.4600
09/07/2015,111.3600,0.0000,14.7600
10/07/2015,111.4900,0.0000,14.8800
13/07/2015,110.9900,0.0000,14.8100
14/07/2015,110.7400,0.0000,14.6900
15/07/2015,110.1600,0.0000,14.4300
16/07/2015,109.7600,0.0000,14.3500
17/07/2015,108.6500,0.0000,14.2300
20/07/2015,105.7000,0.0000,14.0500
21/07/2015,105.3700,0.0000,14.1400
22/07/2015,104.8000,0.0000,14.1400
23/07/2015,104.3300,0.0000,14.0000
24/07/2015,105.3500,0.0000,14.0200
27/07/2015,104.8600,0.0000,13.9200
28/07/2015,105.0200,0.0000,14.0200
29/07/2015,105.1700,0.0000,14.1500
30/07/2015,104.2700,0.0000,14.0900
31/07/2015,104.9300,0.0000,14.0800
03/08/2015,104.1000,0.0000,13.8700
04/08/2015,104.3100,0.0000,13.9200
05/08/2015,103.9300,0.0000,13.9500
06/08/2015,104.3900,0.0000,13.9900
07/08/2015,104.6500,0.0000,14.1100
10/08/2015,105.7200,0.0000,14.5400
11/08/2015,106.2600,0.0000,14.6400
12/08/2015,107.7500,0.0000,14.8200
13/08/2015,106.8600,0.0000,14.7100
14/08/2015,106.8500,0.0000,14.5500
17/08/2015,107.1300,0.0000,14.6300
18/08/2015,107.1100,0.0000,14.2200
19/08/2015,108.5500,0.0000,14.5700
20/08/2015,110.4400,0.0000,14.7800
21/08/2015,111.1300,0.0000,14.6100
24/08/2015,110.5300,0.0000,14.1300
25/08/2015,109.1600,0.0000,13.9900
26/08/2015,107.6700,0.0000,13.5600
27/08/2015,107.7300,0.0000,13.8000
28/08/2015,108.7000,0.0000,13.9200
31/08/2015,108.8200,0.0000,13.9900
01/09/2015,109.2000,0.0000,13.9400
02/09/2015,108.6200,0.0000,14.0200
03/09/2015,107.8400,0.0000,14.0200
04/09/2015,107.4900,0.0000,13.9200
08/09/2015,107.5200,0.0000,14.1200
09/09/2015,106.1300,0.0000,13.9300
10/09/2015,106.3800,0.0000,13.9900
11/09/2015,106.1600,0.0000,13.9500
14/09/2015,106.2200,0.0000,13.7900
15/09/2015,105.9000,0.0000,13.7700
16/09/2015,107.3100,0.0000,14.2200
17/09/2015,108.4100,0.0000,14.4200
18/09/2015,109.2100,0.0000,14.4700
21/09/2015,108.5300,0.0000,14.4900
22/09/2015,107.7900,0.0000,14.1400
23/09/2015,108.2200,0.0000,14.1200
24/09/2015,110.4900,0.0000,14.4300
25/09/2015,109.8100,0.0000,14.4000
28/09/2015,108.4200,0.0000,13.9400
29/09/2015,107.9800,0.0000,13.9700
30/09/2015,106.8600,0.0000,13.8700
01/10/2015,106.7300,0.0000,13.9000
02/10/2015,108.9900,0.0000,14.5500
05/10/2015,108.7700,0.0000,14.8900
06/10/2015,109.8600,0.0000,15.0700
07/10/2015,109.7000,0.0000,15.2900
08/10/2015,109.1400,0.0000,14.9900
09/10/2015,110.8700,0.0000,15.1200
12/10/2015,111.3100,0.0000,15.1300
13/10/2015,111.8600,0.0000,15.1600
14/10/2015,113.8100,0.0000,15.4200
15/10/2015,113.2900,0.0000,15.3900
16/10/2015,112.4900,0.0000,15.2800
19/10/2015,112.0200,0.0000,15.1100
20/10/2015,112.7300,0.0000,15.1900
21/10/2015,111.7300,0.0000,14.9900
22/10/2015,111.6900,0.0000,15.1100
23/10/2015,111.5000,0.0000,15.1200
26/10/2015,111.4300,0.0000,15.1100
27/10/2015,111.6800,0.0000,15.1300
28/10/2015,110.7800,0.0000,15.2600
29/10/2015,109.7200,0.0000,14.8800
30/10/2015,109.3000,0.0000,14.8000
02/11/2015,108.5900,0.0000,14.7200
03/11/2015,106.9800,0.0000,14.5800
04/11/2015,105.9700,0.0000,14.3800
05/11/2015,105.6400,0.0000,14.3000
06/11/2015,104.1000,0.0000,14.0800
09/11/2015,104.4000,0.0000,13.8900
10/11/2015,104.1800,0.0000,13.7600
11/11/2015,103.8300,0.0000,13.6400
12/11/2015,103.8500,0.0000,13.6400
13/11/2015,103.5600,0.0000,13.5900
16/11/2015,103.7100,0.0000,13.6000
17/11/2015,102.3400,0.0000,13.5500
18/11/2015,102.4300,0.0000,13.5200
19/11/2015,103.5600,0.0000,13.6200
20/11/2015,103.0900,0.0000,13.5000
23/11/2015,102.2600,0.0000,13.4500
24/11/2015,102.9400,0.0000,13.5100
25/11/2015,102.4600,0.0000,13.5200
27/11/2015,101.2500,0.0000,13.4600
30/11/2015,101.9200,0.0000,13.4400
01/12/2015,102.2800,0.0000,13.5100
02/12/2015,100.6900,0.0000,13.3700
03/12/2015,101.7600,0.0000,13.4600
04/12/2015,104.0200,0.0000,13.8700
07/12/2015,102.6700,0.0000,13.6200
08/12/2015,102.8400,0.0000,13.5100
09/12/2015,102.6400,0.0000,13.4900
10/12/2015,102.5500,0.0000,13.4500
11/12/2015,103.1100,0.0000,13.3000
14/12/2015,101.7900,0.0000,13.0600
15/12/2015,101.5200,0.0000,13.1100
16/12/2015,102.7500,0.0000,13.4900
17/12/2015,100.5000,0.0000,13.0800
18/12/2015,102.0400,0.0000,13.4300
21/12/2015,103.1500,0.0000,13.5900
22/12/2015,102.6100,0.0000,13.5900
23/12/2015,102.3100,0.0000,13.6200
24/12/2015,103.0500,0.0000,13.6900
28/12/2015,102.2700,0.0000,13.2900
29/12/2015,102.2000,0.0000,13.2700
30/12/2015,101.4200,0.0000,13.2100
31/12/2015,101.4600,0.0000,13.1900
04/01/2016,102.8900,0.0000,13.1900
05/01/2016,103.1800,0.0000,13.3100
06/01/2016,104.6700,0.0000,13.3600
07/01/2016,106.1500,0.0000,13.6200
08/01/2016,105.6800,0.0000,13.3000
11/01/2016,104.7400,0.0000,13.2200
12/01/2016,104.2100,0.0000,13.1700
13/01/2016,104.7200,0.0000,13.4900
14/01/2016,103.0200,0.0000,13.1900
15/01/2016,104.0800,0.0000,13.2400
19/01/2016,103.9800,0.0000,13.3600
20/01/2016,105.3700,0.0000,13.4800
21/01/2016,105.4900,0.0000,13.4600
22/01/2016,105.0000,0.0000,13.3800
25/01/2016,106.0800,0.0000,13.5800
26/01/2016,107.2900,0.0000,13.8200
27/01/2016,107.6900,0.0000,13.8100
28/01/2016,106.5400,0.0000,13.5700
29/01/2016,106.9500,0.0000,13.5900
01/02/2016,108.0500,0.0000,13.6700
02/02/2016,108.0900,0.0000,13.6200
03/02/2016,109.2500,0.0000,13.9500
04/02/2016,110.5700,0.0000,14.1700
05/02/2016,112.3200,0.0000,14.3400
08/02/2016,113.8300,0.0000,14.5900
09/02/2016,113.5800,0.0000,14.5100
10/02/2016,114.4600,0.0000,14.5500
11/02/2016,119.0600,0.0000,14.9500
12/02/2016,118.3600,0.0000,14.9900
16/02/2016,114.7700,0.0000,14.5100
17/02/2016,115.4800,0.0000,14.5400
18/02/2016,118.2900,0.0000,14.7600
19/02/2016,117.5800,0.0000,14.6400
22/02/2016,115.4900,0.0000,14.4300
23/02/2016,117.2200,0.0000,14.5400
24/02/2016,117.6100,0.0000,14.5200
25/02/2016,117.9200,0.0000,14.4100
26/02/2016,117.1100,0.0000,14.0200
29/02/2016,118.6400,0.0000,14.2000
01/03/2016,117.7700,0.0000,14.1700
02/03/2016,118.6800,0.0000,14.2500
03/03/2016,120.7300,0.0000,14.5000
04/03/2016,120.5400,0.0000,14.7600
07/03/2016,121.1400,0.0000,14.9000
08/03/2016,120.5800,0.0000,14.6200
09/03/2016,119.5800,0.0000,14.5300
10/03/2016,121.5000,0.0000,14.8200
11/03/2016,119.4100,0.0000,14.7200
14/03/2016,117.8700,0.0000,14.5800
15/03/2016,117.9600,0.0000,14.5400
16/03/2016,120.5900,0.0000,14.8700
17/03/2016,120.1300,0.0000,15.1600
18/03/2016,119.8000,0.0000,15.0300
21/03/2016,118.9600,0.0000,15.0600
22/03/2016,119.3100,0.0000,15.1200
23/03/2016,116.6100,0.0000,14.5100
24/03/2016,116.3300,0.0000,14.4300
28/03/2016,116.6000,0.0000,14.4600
29/03/2016,118.7600,0.0000,14.6000
30/03/2016,117.1000,0.0000,14.4900
31/03/2016,117.6400,0.0000,14.6800
01/04/2016,116.9300,0.0000,14.3400
04/04/2016,116.1500,0.0000,14.2000
05/04/2016,117.6600,0.0000,14.4200
06/04/2016,116.9400,0.0000,14.3400
07/04/2016,118.6100,0.0000,14.4800
08/04/2016,118.4300,0.0000,14.6200
11/04/2016,120.0300,0.0000,15.1400
12/04/2016,120.0500,0.0000,15.4100
13/04/2016,118.7700,0.0000,15.4400
14/04/2016,117.1100,0.0000,15.3400
15/04/2016,117.9200,0.0000,15.4600
18/04/2016,117.7400,0.0000,15.4200
19/04/2016,119.5800,0.0000,16.1200
20/04/2016,118.9700,0.0000,16.1400
21/04/2016,119.4200,0.0000,16.2100
22/04/2016,117.8900,0.0000,16.1400
25/04/2016,118.2300,0.0000,16.1700
26/04/2016,118.7000,0.0000,16.2900
27/04/2016,119.0400,0.0000,16.3800
28/04/2016,121.2900,0.0000,16.7700
29/04/2016,123.6500,0.0000,16.9800
02/05/2016,123.2400,0.0000,16.6400
03/05/2016,122.9600,0.0000,16.5700
04/05/2016,122.2100,0.0000,16.4900
05/05/2016,122.0700,0.0000,16.5100
06/05/2016,123.1800,0.0000,16.6300
09/05/2016,120.6500,0.0000,16.1200
10/05/2016,120.9800,0.0000,16.2800
11/05/2016,122.1200,0.0000,16.5600
12/05/2016,121.1600,0.0000,16.2200
13/05/2016,121.7100,0.0000,16.2800
16/05/2016,121.8000,0.0000,16.3200
17/05/2016,122.2200,0.0000,16.4100
18/05/2016,120.1000,0.0000,16.0000
19/05/2016,119.8700,0.0000,15.6700
20/05/2016,119.7100,0.0000,15.6900
23/05/2016,119.3700,0.0000,15.5900
24/05/2016,117.3000,0.0000,15.4200
25/05/2016,116.9800,0.0000,15.5000
26/05/2016,116.5800,0.0000,15.5300
27/05/2016,115.6200,0.0000,15.3900
31/05/2016,116.0600,0.0000,15.1900
01/06/2016,115.9400,0.0000,15.1700
02/06/2016,115.6700,0.0000,15.2200
03/06/2016,118.8800,0.0000,15.6100
06/06/2016,118.9200,0.0000,15.6800
07/06/2016,118.8200,0.0000,15.6000
08/06/2016,120.5800,0.0000,16.2100
09/06/2016,121.2500,0.0000,16.4700
10/06/2016,121.7400,0.0000,16.4900
13/06/2016,122.6400,0.0000,16.5800
14/06/2016,122.7700,0.0000,16.5400
15/06/2016,123.6800,0.0000,16.6900
16/06/2016,122.3800,0.0000,16.3100
17/06/2016,123.9500,0.0000,16.6000
20/06/2016,123.2100,0.0000,16.6500
21/06/2016,120.8400,0.0000,16.3800
22/06/2016,120.9000,0.0000,16.4200
23/06/2016,120.1100,0.0000,16.4900
24/06/2016,126.0000,0.0000,16.8900
27/06/2016,126.6800,0.0000,16.8700
28/06/2016,125.3200,0.0000,16.9100
29/06/2016,125.8400,0.0000,17.3700
30/06/2016,126.4700,0.0000,17.8600
01/07/2016,128.4100,0.0000,18.7400
05/07/2016,129.4700,0.0000,18.9800
06/07/2016,130.2300,0.0000,19.1000
07/07/2016,129.7400,0.0000,18.7100
08/07/2016,130.5200,0.0000,19.2200
11/07/2016,129.2900,0.0000,19.3000
12/07/2016,127.1500,0.0000,19.0900
13/07/2016,128.3200,0.0000,19.3900
14/07/2016,127.3300,0.0000,19.2500
15/07/2016,126.8400,0.0000,19.0800
18/07/2016,127.0400,0.0000,19.1000
19/07/2016,127.2100,0.0000,18.9200
20/07/2016,125.3900,0.0000,18.4200
21/07/2016,127.3000,0.0000,18.8800
22/07/2016,126.3500,0.0000,18.6700
25/07/2016,125.4700,0.0000,18.5400
26/07/2016,126.0000,0.0000,18.6600
27/07/2016,128.0300,0.0000,19.3700
28/07/2016,127.6600,0.0000,19.2100
29/07/2016,128.9800,0.0000,19.3500
01/08/2016,129.2200,0.0000,19.4300
02/08/2016,130.2700,0.0000,19.6000
03/08/2016,129.6500,0.0000,19.3800
04/08/2016,129.8700,0.0000,19.3500
05/08/2016,127.5500,0.0000,18.7100
08/08/2016,127.4400,0.0000,18.7400
09/08/2016,127.9600,0.0000,18.8700
10/08/2016,128.5600,0.0000,19.1600
11/08/2016,127.6700,0.0000,18.9600
12/08/2016,127.4000,0.0000,18.7200
15/08/2016,127.8400,0.0000,18.8300
16/08/2016,128.4700,0.0000,18.8200
17/08/2016,128.5000,0.0000,18.6800
18/08/2016,129.1100,0.0000,18.7700
19/08/2016,127.9700,0.0000,18.3500
22/08/2016,127.7800,0.0000,17.9700
23/08/2016,127.7600,0.0000,17.9300
24/08/2016,126.3400,0.0000,17.6200
25/08/2016,126.2300,0.0000,17.6300
26/08/2016,126.0500,0.0000,17.7200
29/08/2016,126.3000,0.0000,17.9000
30/08/2016,125.0300,0.0000,17.6700
31/08/2016,124.7800,0.0000,17.7200
01/09/2016,125.2900,0.0000,17.9400
02/09/2016,126.5700,0.0000,18.4400
06/09/2016,128.7100,0.0000,19.0500
07/09/2016,128.2700,0.0000,18.7800
08/09/2016,127.5900,0.0000,18.6200
09/09/2016,126.7500,0.0000,18.1100
12/09/2016,126.5900,0.0000,18.1700
13/09/2016,125.7500,0.0000,17.9300
14/09/2016,126.1800,0.0000,18.0200
15/09/2016,125.3700,0.0000,18.0400
16/09/2016,125.0600,0.0000,17.8600
19/09/2016,125.3200,0.0000,18.2000
20/09/2016,125.4400,0.0000,18.2700
21/09/2016,127.2700,0.0000,18.8500
22/09/2016,127.5700,0.0000,18.9000
23/09/2016,127.6500,0.0000,18.6800
26/09/2016,127.5500,0.0000,18.4100
27/09/2016,126.6200,0.0000,18.1700
28/09/2016,126.2200,0.0000,18.2100
29/09/2016,126.0700,0.0000,18.1100
30/09/2016,125.6400,0.0000,18.2000
03/10/2016,125.3200,0.0000,17.8700
04/10/2016,120.9700,0.0000,16.9400
05/10/2016,120.7800,0.0000,16.8500
06/10/2016,119.6600,0.0000,16.4400
07/10/2016,119.7400,0.0000,16.6000
10/10/2016,120.1600,0.0000,16.7300
11/10/2016,119.5500,0.0000,16.5600
12/10/2016,119.7400,0.0000,16.6500
13/10/2016,120.0300,0.0000,16.6100
14/10/2016,119.3600,0.0000,16.5600
17/10/2016,119.6800,0.0000,16.5700
18/10/2016,120.4200,0.0000,16.7200
19/10/2016,121.1100,0.0000,16.7900
20/10/2016,120.7400,0.0000,16.6400
21/10/2016,120.8300,0.0000,16.6500
24/10/2016,120.5600,0.0000,16.7000
25/10/2016,121.4700,0.0000,16.8600
26/10/2016,120.7900,0.0000,16.7100
27/10/2016,121.0100,0.0000,16.7300
28/10/2016,121.5800,0.0000,16.8700
31/10/2016,121.9400,0.0000,16.9700
01/11/2016,122.7300,0.0000,17.4100
02/11/2016,123.6400,0.0000,17.5600
03/11/2016,124.3000,0.0000,17.4200
04/11/2016,124.3900,0.0000,17.4600
07/11/2016,122.1500,0.0000,17.2900
08/11/2016,121.6400,0.0000,17.4000
09/11/2016,121.5600,0.0000,17.4500
10/11/2016,119.7500,0.0000,17.5600
11/11/2016,117.1000,0.0000,16.4700
14/11/2016,116.1100,0.0000,16.0000
15/11/2016,117.1200,0.0000,16.1900
16/11/2016,116.7700,0.0000,16.0900
17/11/2016,116.1700,0.0000,15.8400
18/11/2016,115.1500,0.0000,15.7300
21/11/2016,115.5800,0.0000,15.7200
22/11/2016,115.5400,0.0000,15.8000
23/11/2016,113.2500,0.0000,15.5200
25/11/2016,112.6100,0.0000,15.6300
28/11/2016,113.8000,0.0000,15.7700
29/11/2016,113.2700,0.0000,15.7800
30/11/2016,111.7500,0.0000,15.6600
01/12/2016,111.5400,0.0000,15.6600
02/12/2016,112.1400,0.0000,15.8300
05/12/2016,111.5400,0.0000,15.8800
06/12/2016,111.4300,0.0000,15.8500
07/12/2016,111.8300,0.0000,16.2300
08/12/2016,111.5700,0.0000,16.1400
09/12/2016,110.4000,0.0000,15.9700
12/12/2016,110.8200,0.0000,16.1900
13/12/2016,110.4500,0.0000,16.0400
14/12/2016,108.8300,0.0000,15.9300
15/12/2016,107.3400,0.0000,15.1800
16/12/2016,108.0500,0.0000,15.2700
19/12/2016,108.5900,0.0000,15.1700
20/12/2016,107.7900,0.0000,15.2400
21/12/2016,107.8500,0.0000,15.1200
22/12/2016,107.5900,0.0000,14.9800
23/12/2016,107.9300,0.0000,14.9100
27/12/2016,108.5600,0.0000,15.1300
28/12/2016,108.8600,0.0000,15.2000
29/12/2016,110.2900,0.0000,15.3200
30/12/2016,109.6100,0.0000,15.1100
03/01/2017,110.4700,0.0000,15.4400
04/01/2017,110.8600,0.0000,15.5800
05/01/2017,112.5800,0.0000,15.7600
06/01/2017,111.7500,0.0000,15.6400
09/01/2017,112.6700,0.0000,15.7000
10/01/2017,113.1500,0.0000,15.9100
11/01/2017,113.5000,0.0000,15.8700
12/01/2017,113.9100,0.0000,15.9100
13/01/2017,114.2100,0.0000,15.9400
17/01/2017,115.8500,0.0000,16.2800
18/01/2017,114.8700,0.0000,16.1900
19/01/2017,114.7700,0.0000,16.1200
20/01/2017,115.0500,0.0000,16.1900
23/01/2017,115.7900,0.0000,16.2900
24/01/2017,115.2700,0.0000,16.2200
25/01/2017,114.3200,0.0000,16.1000
26/01/2017,113.2600,0.0000,15.9300
27/01/2017,113.4900,0.0000,16.2200
30/01/2017,113.9700,0.0000,16.2300
31/01/2017,115.5500,0.0000,16.6300
01/02/2017,115.2000,0.0000,16.6100
02/02/2017,115.8400,0.0000,16.5600
03/02/2017,116.1300,0.0000,16.5700
06/02/2017,117.7000,0.0000,16.8200
07/02/2017,117.4600,0.0000,16.7900
08/02/2017,118.1900,0.0000,16.8400
09/02/2017,117.2900,0.0000,16.7500
10/02/2017,117.6000,0.0000,17.0200
13/02/2017,116.8000,0.0000,16.8900
14/02/2017,116.9300,0.0000,17.0100
15/02/2017,117.4500,0.0000,17.0400
16/02/2017,118.0800,0.0000,17.1500
17/02/2017,117.6800,0.0000,17.0600
21/02/2017,117.7500,0.0000,17.0300
22/02/2017,117.9100,0.0000,17.1100
23/02/2017,118.9400,0.0000,17.2400
24/02/2017,119.7000,0.0000,17.4000
27/02/2017,119.1200,0.0000,17.2700
28/02/2017,119.2300,0.0000,17.3700
01/03/2017,119.0600,0.0000,17.4400
02/03/2017,117.5800,0.0000,16.8000
03/03/2017,117.5100,0.0000,16.9800
06/03/2017,116.7200,0.0000,16.8300
07/03/2017,115.7800,0.0000,16.5500
08/03/2017,115.0600,0.0000,16.3200
09/03/2017,114.4700,0.0000,16.0600
10/03/2017,114.7200,0.0000,16.1500
13/03/2017,114.7400,0.0000,16.0700
14/03/2017,114.1200,0.0000,15.9900
15/03/2017,116.2500,0.0000,16.4300
16/03/2017,116.7300,0.0000,16.4000
17/03/2017,116.9900,0.0000,16.4700
20/03/2017,117.5100,0.0000,16.5000
21/03/2017,118.5400,0.0000,16.6100
22/03/2017,118.8300,0.0000,16.6200
23/03/2017,118.6700,0.0000,16.6700
24/03/2017,118.8600,0.0000,16.8100
27/03/2017,119.5300,0.0000,17.1500
28/03/2017,119.0400,0.0000,17.1800
29/03/2017,119.3300,0.0000,17.2500
30/03/2017,118.4700,0.0000,17.1500
31/03/2017,118.7200,0.0000,17.2500
03/04/2017,119.3500,0.0000,17.2400
04/04/2017,119.6200,0.0000,17.3300
05/04/2017,119.6200,0.0000,17.3200
06/04/2017,119.1800,0.0000,17.2600
07/04/2017,119.4600,0.0000,17.0300
10/04/2017,119.4600,0.0000,17.0000
11/04/2017,121.1900,0.0000,17.3100
12/04/2017,122.0200,0.0000,17.4600
13/04/2017,122.6000,0.0000,17.5300
17/04/2017,122.2400,0.0000,17.4300
18/04/2017,122.8200,0.0000,17.3400
19/04/2017,121.7300,0.0000,17.1800
20/04/2017,121.9600,0.0000,17.0600
21/04/2017,122.3100,0.0000,17.0200
24/04/2017,121.4800,0.0000,16.9800
25/04/2017,120.2500,0.0000,16.6800
26/04/2017,120.8400,0.0000,16.5700
27/04/2017,120.3900,0.0000,16.3700
28/04/2017,120.7700,0.0000,16.3000
01/05/2017,119.6700,0.0000,15.9900
02/05/2017,119.6500,0.0000,15.9300
03/05/2017,117.9800,0.0000,15.5900
04/05/2017,116.7900,0.0000,15.4300
05/05/2017,117.0100,0.0000,15.5000
08/05/2017,116.7500,0.0000,15.4100
09/05/2017,116.0500,0.0000,15.3000
10/05/2017,116.0400,0.0000,15.3500
11/05/2017,116.5000,0.0000,15.4500
12/05/2017,116.8300,0.0000,15.5700
15/05/2017,117.1400,0.0000,15.7500
16/05/2017,117.6500,0.0000,15.9300
17/05/2017,119.7900,0.0000,16.0000
18/05/2017,118.8100,0.0000,15.7100
19/05/2017,119.4000,0.0000,15.9400
22/05/2017,119.9000,0.0000,16.2300
23/05/2017,119.1400,0.0000,16.1500
24/05/2017,119.6100,0.0000,16.2800
25/05/2017,119.4800,0.0000,16.2300
26/05/2017,120.5400,0.0000,16.4000
30/05/2017,120.1400,0.0000,16.4700
31/05/2017,120.6200,0.0000,16.3900
01/06/2017,120.7200,0.0000,16.3800
02/06/2017,121.6100,0.0000,16.5900
05/06/2017,121.7300,0.0000,16.6300
06/06/2017,123.1000,0.0000,16.7600
07/06/2017,122.4500,0.0000,16.6500
08/06/2017,121.6500,0.0000,16.4900
09/06/2017,120.5400,0.0000,16.2800
12/06/2017,120.3600,0.0000,16.0400
13/06/2017,120.4800,0.0000,15.9500
14/06/2017,119.8200,0.0000,15.9500
15/06/2017,119.3200,0.0000,15.8800
16/06/2017,119.3400,0.0000,15.7900
19/06/2017,118.4300,0.0000,15.6100
20/06/2017,118.1800,0.0000,15.5900
21/06/2017,118.5200,0.0000,15.5400
22/06/2017,118.9200,0.0000,15.6800
23/06/2017,119.4300,0.0000,15.7900
26/06/2017,118.3600,0.0000,15.6800
27/06/2017,118.8100,0.0000,15.7900
28/06/2017,118.9000,0.0000,15.9200
29/06/2017,118.3200,0.0000,15.7300
30/06/2017,118.0200,0.0000,15.7100
03/07/2017,116.0900,0.0000,15.3000
05/07/2017,116.5200,0.0000,15.1800
06/07/2017,116.4700,0.0000,15.1500
07/07/2017,115.2800,0.0000,14.7300
10/07/2017,115.4700,0.0000,14.8300
11/07/2017,115.6200,0.0000,14.9900
12/07/2017,116.0300,0.0000,15.0500
13/07/2017,115.8200,0.0000,14.8700
14/07/2017,116.7700,0.0000,15.0800
17/07/2017,117.2900,0.0000,15.2200
18/07/2017,118.1100,0.0000,15.3800
19/07/2017,118.0800,0.0000,15.4000
20/07/2017,118.2400,0.0000,15.4200
21/07/2017,119.2600,0.0000,15.6000
24/07/2017,119.3100,0.0000,15.5800
25/07/2017,118.9200,0.0000,15.5900
26/07/2017,119.8800,0.0000,15.7500
27/07/2017,119.7900,0.0000,15.6800
28/07/2017,120.6900,0.0000,15.8100
31/07/2017,120.7500,0.0000,15.9000
01/08/2017,120.6500,0.0000,15.7900
02/08/2017,120.4000,0.0000,15.6700
03/08/2017,120.5900,0.0000,15.7200
04/08/2017,119.6500,0.0000,15.3800
07/08/2017,119.5100,0.0000,15.3300
08/08/2017,119.8600,0.0000,15.5600
09/08/2017,121.3100,0.0000,15.9800
10/08/2017,122.2100,0.0000,16.1800
11/08/2017,122.7900,0.0000,16.1700
14/08/2017,121.9200,0.0000,16.1300
15/08/2017,120.9800,0.0000,15.7400
16/08/2017,121.8700,0.0000,16.1500
17/08/2017,122.4900,0.0000,16.1200
18/08/2017,122.3000,0.0000,16.1000
21/08/2017,122.7600,0.0000,16.0700
22/08/2017,122.2100,0.0000,16.0700
23/08/2017,122.6700,0.0000,16.1500
24/08/2017,122.2900,0.0000,16.0300
25/08/2017,122.7400,0.0000,16.1100
28/08/2017,124.6900,0.0000,16.5000
29/08/2017,124.4200,0.0000,16.4200
30/08/2017,124.3600,0.0000,16.4600
31/08/2017,125.8200,0.0000,16.6500
01/09/2017,126.0600,0.0000,16.7300
05/09/2017,127.4600,0.0000,16.9100
06/09/2017,126.8100,0.0000,16.8700
07/09/2017,128.1300,0.0000,17.1000
08/09/2017,127.9700,0.0000,17.0200
11/09/2017,126.1900,0.0000,16.7700
12/09/2017,126.5600,0.0000,16.8900
13/09/2017,125.6100,0.0000,16.7600
14/09/2017,126.1600,0.0000,16.7700
15/09/2017,125.5300,0.0000,16.6200
18/09/2017,124.3600,0.0000,16.2700
19/09/2017,124.6200,0.0000,16.3600
20/09/2017,123.6200,0.0000,16.1900
21/09/2017,122.6800,0.0000,16.0300
22/09/2017,123.2400,0.0000,16.0500
25/09/2017,124.5300,0.0000,16.2100
26/09/2017,123.1400,0.0000,15.9100
27/09/2017,121.9800,0.0000,15.8300
28/09/2017,122.2100,0.0000,15.9200
29/09/2017,121.5800,0.0000,15.7400
02/10/2017,120.7700,0.0000,15.6700
03/10/2017,120.8300,0.0000,15.7100
04/10/2017,121.1700,0.0000,15.6900
05/10/2017,120.5200,0.0000,15.6900
06/10/2017,121.0900,0.0000,15.8500
09/10/2017,122.0800,0.0000,16.0200
10/10/2017,122.4000,0.0000,16.1500
11/10/2017,122.7900,0.0000,16.2500
12/10/2017,122.8900,0.0000,16.2600
13/10/2017,123.8200,0.0000,16.4100
16/10/2017,122.9700,0.0000,16.2500
17/10/2017,122.1300,0.0000,16.0900
18/10/2017,121.6700,0.0000,16.0600
19/10/2017,122.3900,0.0000,16.2700
20/10/2017,121.6100,0.0000,16.0800
23/10/2017,121.8000,0.0000,16.1400
24/10/2017,121.3300,0.0000,16.0200
25/10/2017,121.3500,0.0000,16.0100
26/10/2017,120.3300,0.0000,15.8500
27/10/2017,120.9000,0.0000,15.9100
30/10/2017,121.1300,0.0000,15.9100
31/10/2017,120.6700,0.0000,15.7900
01/11/2017,121.1100,0.0000,16.1800
02/11/2017,121.1900,0.0000,16.1700
03/11/2017,120.6200,0.0000,15.9200
06/11/2017,121.6500,0.0000,16.2700
07/11/2017,121.2100,0.0000,16.0100
08/11/2017,121.6300,0.0000,16.0600
09/11/2017,122.1300,0.0000,16.0700
10/11/2017,121.1300,0.0000,15.9500
13/11/2017,121.3100,0.0000,16.0900
14/11/2017,121.5600,0.0000,16.0800
15/11/2017,121.4100,0.0000,16.0300
16/11/2017,121.4000,0.0000,16.1200
17/11/2017,122.8600,0.0000,16.3100
20/11/2017,121.3100,0.0000,15.9800
21/11/2017,121.5100,0.0000,16.0100
22/11/2017,122.6300,0.0000,16.1700
24/11/2017,122.3200,0.0000,16.0800
27/11/2017,122.8300,0.0000,16.1000
28/11/2017,122.8100,0.0000,15.9100
29/11/2017,122.0400,0.0000,15.6400
30/11/2017,121.1000,0.0000,15.5100
01/12/2017,121.5900,0.0000,15.5300
04/12/2017,121.1800,0.0000,15.4400
05/12/2017,120.3200,0.0000,15.2300
06/12/2017,120.0700,0.0000,15.1000
07/12/2017,118.4900,0.0000,14.8700
08/12/2017,118.4800,0.0000,14.9600
11/12/2017,118.0100,0.0000,14.8500
12/12/2017,118.1500,0.0000,14.8600
13/12/2017,119.1700,0.0000,15.1500
14/12/2017,118.9300,0.0000,15.0200
15/12/2017,119.1800,0.0000,15.1500
18/12/2017,119.7300,0.0000,15.2200
19/12/2017,119.8200,0.0000,15.2200
20/12/2017,120.1400,0.0000,15.2500
21/12/2017,120.3100,0.0000,15.2200
22/12/2017,120.9400,0.0000,15.4000
26/12/2017,121.7700,0.0000,15.5900
27/12/2017,122.2300,0.0000,15.7300
28/12/2017,122.8500,0.0000,15.8800
29/12/2017,123.6500,0.0000,15.9900
02/01/2018,125.1500,0.0000,16.2100
03/01/2018,124.8200,0.0000,16.1700
04/01/2018,125.4600,0.0000,16.2300
05/01/2018,125.3300,0.0000,16.2200
08/01/2018,125.3100,0.0000,16.1500
09/01/2018,124.7300,0.0000,16.0300
10/01/2018,125.0300,0.0000,16.0200
11/01/2018,125.4400,0.0000,16.0100
12/01/2018,126.9600,0.0000,16.2700
16/01/2018,127.1700,0.0000,16.2500
17/01/2018,126.1400,0.0000,16.0600
18/01/2018,125.8600,0.0000,15.9700
19/01/2018,126.4200,0.0000,16.0500
22/01/2018,126.6500,0.0000,16.0400
23/01/2018,127.2800,0.0000,16.0800
24/01/2018,128.8300,0.0000,16.5600
25/01/2018,127.9700,0.0000,16.3100
26/01/2018,128.0700,0.0000,16.4100
29/01/2018,127.3500,0.0000,16.2100
30/01/2018,126.8000,0.0000,16.1500
31/01/2018,127.6500,0.0000,16.3500
01/02/2018,128.0700,0.0000,16.2500
02/02/2018,126.3900,0.0000,15.6600
05/02/2018,126.7100,0.0000,15.7400
06/02/2018,125.3800,0.0000,15.6500
07/02/2018,124.7900,0.0000,15.4100
08/02/2018,124.9800,0.0000,15.4600
09/02/2018,124.7700,0.0000,15.3900
12/02/2018,125.3700,0.0000,15.5700
13/02/2018,126.0800,0.0000,15.6200
14/02/2018,128.2300,0.0000,15.9100
15/02/2018,128.3800,0.0000,15.9100
16/02/2018,127.9600,0.0000,15.7300
20/02/2018,126.2400,0.0000,15.5400
21/02/2018,125.6600,0.0000,15.5400
22/02/2018,126.3000,0.0000,15.6600
23/02/2018,126.1400,0.0000,15.5900
26/02/2018,126.4500,0.0000,15.6800
27/02/2018,125.1300,0.0000,15.4800
28/02/2018,125.0000,0.0000,15.4600
01/03/2018,124.7200,0.0000,15.5400
02/03/2018,125.3900,0.0000,15.5600
05/03/2018,125.1800,0.0000,15.4900
06/03/2018,126.5300,0.0000,15.7800
07/03/2018,125.7200,0.0000,15.5300
08/03/2018,125.4200,0.0000,15.5500
09/03/2018,125.5400,0.0000,15.6300
12/03/2018,125.5400,0.0000,15.6100
13/03/2018,125.7800,0.0000,15.6100
14/03/2018,125.7000,0.0000,15.6100
15/03/2018,124.9000,0.0000,15.4500
16/03/2018,124.6000,0.0000,15.3900
19/03/2018,124.8700,0.0000,15.3900
20/03/2018,124.3100,0.0000,15.2800
21/03/2018,126.4800,0.0000,15.6500
22/03/2018,125.9800,0.0000,15.4400
23/03/2018,127.6100,0.0000,15.5800
26/03/2018,128.2800,0.0000,15.7200
27/03/2018,127.4900,0.0000,15.5700
28/03/2018,125.7300,0.0000,15.3600
29/03/2018,125.7900,0.0000,15.4100
02/04/2018,127.2600,0.0000,15.6500
03/04/2018,126.3000,0.0000,15.4600
04/04/2018,126.4500,0.0000,15.3800
05/04/2018,125.8000,0.0000,15.4500
06/04/2018,126.3900,0.0000,15.4300
09/04/2018,126.8200,0.0000,15.5600
10/04/2018,127.1200,0.0000,15.6200
11/04/2018,128.1100,0.0000,15.6900
12/04/2018,126.6200,0.0000,15.5200
13/04/2018,127.4500,0.0000,15.6800
16/04/2018,127.6300,0.0000,15.7200
17/04/2018,127.7500,0.0000,15.8000
18/04/2018,127.8500,0.0000,16.1800
19/04/2018,127.6000,0.0000,16.2600
20/04/2018,126.6300,0.0000,16.1300
23/04/2018,125.6200,0.0000,15.6700
24/04/2018,126.2300,0.0000,15.7600
25/04/2018,125.4100,0.0000,15.6100
26/04/2018,124.9700,0.0000,15.5800
27/04/2018,125.5000,0.0000,15.5700
30/04/2018,124.5900,0.0000,15.3800
01/05/2018,123.7100,0.0000,15.2400
02/05/2018,123.6500,0.0000,15.4200
03/05/2018,124.2800,0.0000,15.4600
04/05/2018,124.5400,0.0000,15.5400
07/05/2018,124.5700,0.0000,15.5200
08/05/2018,124.5900,0.0000,15.5100
09/05/2018,124.3300,0.0000,15.5300
10/05/2018,125.1800,0.0000,15.7400
11/05/2018,125.0000,0.0000,15.7000
14/05/2018,124.4900,0.0000,15.5600
15/05/2018,122.4800,0.0000,15.3300
16/05/2018,122.2900,0.0000,15.4100
17/05/2018,122.3600,0.0000,15.4700
18/05/2018,122.4100,0.0000,15.4800
21/05/2018,122.4800,0.0000,15.5400
22/05/2018,122.4100,0.0000,15.5800
23/05/2018,122.5400,0.0000,15.5000
24/05/2018,123.5900,0.0000,15.6900
25/05/2018,123.2100,0.0000,15.5300
29/05/2018,123.1900,0.0000,15.4400
30/05/2018,123.3700,0.0000,15.5500
31/05/2018,123.1000,0.0000,15.4600
01/06/2018,122.4900,0.0000,15.4400
04/06/2018,122.3700,0.0000,15.4500
05/06/2018,122.8500,0.0000,15.5200
06/06/2018,122.9200,0.0000,15.7000
07/06/2018,122.8600,0.0000,15.7200
08/06/2018,123.0100,0.0000,15.7800
11/06/2018,123.2300,0.0000,15.9400
12/06/2018,122.8200,0.0000,15.8700
13/06/2018,123.1900,0.0000,16.0800
14/06/2018,123.3800,0.0000,16.1700
15/06/2018,121.3400,0.0000,15.6000
18/06/2018,121.1100,0.0000,15.5100
19/06/2018,120.8000,0.0000,15.3600
20/06/2018,120.2600,0.0000,15.3400
21/06/2018,120.0500,0.0000,15.3600
22/06/2018,120.3400,0.0000,15.5000
25/06/2018,119.8900,0.0000,15.3700
26/06/2018,119.2600,0.0000,15.3300
27/06/2018,118.5800,0.0000,15.1200
28/06/2018,118.2200,0.0000,15.0700
29/06/2018,118.6500,0.0000,15.1500
02/07/2018,117.4600,0.0000,14.9100
03/07/2018,118.6500,0.0000,15.0300
05/07/2018,119.0500,0.0000,15.1000
06/07/2018,118.8600,0.0000,15.0800
09/07/2018,119.1500,0.0000,15.1700
10/07/2018,118.9300,0.0000,15.1200
11/07/2018,117.6400,0.0000,14.8600
12/07/2018,118.1300,0.0000,15.0000
13/07/2018,117.6100,0.0000,14.8800
16/07/2018,117.5500,0.0000,14.8500
17/07/2018,116.2800,0.0000,14.6700
18/07/2018,116.3100,0.0000,14.6300
19/07/2018,115.8100,0.0000,14.4200
20/07/2018,116.5600,0.0000,14.5900
23/07/2018,116.0000,0.0000,14.4700
24/07/2018,116.0400,0.0000,14.5800
25/07/2018,116.6800,0.0000,14.6800
26/07/2018,115.7700,0.0000,14.4900
27/07/2018,115.8300,0.0000,14.5700
30/07/2018,115.6500,0.0000,14.5800
31/07/2018,115.9900,0.0000,14.6100
01/08/2018,115.1400,0.0000,14.4800
02/08/2018,114.5200,0.0000,14.4300
03/08/2018,114.9200,0.0000,14.5000
06/08/2018,114.3300,0.0000,14.4000
07/08/2018,114.5900,0.0000,14.4300
08/08/2018,114.9100,0.0000,14.5000
09/08/2018,114.7400,0.0000,14.5200
10/08/2018,114.6900,0.0000,14.4100
13/08/2018,112.9600,0.0000,14.1000
14/08/2018,113.0700,0.0000,14.1700
15/08/2018,111.1900,0.0000,13.5700
16/08/2018,111.1000,0.0000,13.7700
17/08/2018,112.1300,0.0000,13.9200
20/08/2018,112.6900,0.0000,13.8800
21/08/2018,113.0200,0.0000,13.8900
22/08/2018,113.2700,0.0000,13.8800
23/08/2018,112.2000,0.0000,13.6500
24/08/2018,114.1600,0.0000,13.9200
27/08/2018,114.5900,0.0000,13.9900
28/08/2018,113.6800,0.0000,13.8400
29/08/2018,114.2000,0.0000,13.8700
30/08/2018,113.6400,0.0000,13.7000
31/08/2018,113.5100,0.0000,13.6500
04/09/2018,112.9300,0.0000,13.3100
05/09/2018,113.3200,0.0000,13.3500
06/09/2018,113.5400,0.0000,13.3100
07/09/2018,113.2300,0.0000,13.3200
10/09/2018,113.1500,0.0000,13.3100
11/09/2018,113.2200,0.0000,13.2800
12/09/2018,114.1700,0.0000,13.3900
13/09/2018,113.7600,0.0000,13.3500
14/09/2018,113.0200,0.0000,13.2300
17/09/2018,113.6100,0.0000,13.3100
18/09/2018,113.4400,0.0000,13.3100
19/09/2018,113.8800,0.0000,13.4000
20/09/2018,114.2700,0.0000,13.4500
21/09/2018,113.4900,0.0000,13.4400
24/09/2018,113.4700,0.0000,13.4100
25/09/2018,113.6500,0.0000,13.5900
26/09/2018,113.0500,0.0000,13.4900
27/09/2018,112.0500,0.0000,13.4100
28/09/2018,112.7600,0.0000,13.7300
01/10/2018,112.5700,0.0000,13.6200
02/10/2018,113.8700,0.0000,13.7900
03/10/2018,113.4200,0.0000,13.7800
04/10/2018,113.4800,0.0000,13.7100
05/10/2018,113.8000,0.0000,13.7500
08/10/2018,112.5400,0.0000,13.5300
09/10/2018,112.6000,0.0000,13.5300
10/10/2018,112.8800,0.0000,13.4500
11/10/2018,115.7800,0.0000,13.6700
12/10/2018,115.2300,0.0000,13.7400
15/10/2018,116.0000,0.0000,13.8000
16/10/2018,115.8000,0.0000,13.7800
17/10/2018,115.7900,0.0000,13.7400
18/10/2018,115.9200,0.0000,13.7000
19/10/2018,116.0100,0.0000,13.7400
22/10/2018,115.7100,0.0000,13.6800
23/10/2018,116.3900,0.0000,13.8300
24/10/2018,116.6600,0.0000,13.7900
25/10/2018,116.4000,0.0000,13.7400
26/10/2018,116.7700,0.0000,13.8100
29/10/2018,116.3100,0.0000,13.5900
30/10/2018,115.8000,0.0000,13.6100
31/10/2018,115.1500,0.0000,13.4100
01/11/2018,116.6300,0.0000,13.8300
02/11/2018,116.6500,0.0000,13.8600
05/11/2018,116.3700,0.0000,13.7600
06/11/2018,116.0400,0.0000,13.6500
07/11/2018,116.0300,0.0000,13.6700
08/11/2018,115.7800,0.0000,13.5600
09/11/2018,114.4800,0.0000,13.3200
12/11/2018,113.6600,0.0000,13.1700
13/11/2018,113.7000,0.0000,13.1500
14/11/2018,114.6400,0.0000,13.2800
15/11/2018,114.7700,0.0000,13.4200
16/11/2018,115.6200,0.0000,13.5300
19/11/2018,115.6700,0.0000,13.5500
20/11/2018,115.6700,0.0000,13.4500
21/11/2018,115.8600,0.0000,13.6000
23/11/2018,115.7700,0.0000,13.4200
26/11/2018,115.6400,0.0000,13.3900
27/11/2018,114.9500,0.0000,13.2900
28/11/2018,115.3800,0.0000,13.4300
29/11/2018,115.7400,0.0000,13.4300
30/11/2018,115.5400,0.0000,13.3200
03/12/2018,116.4100,0.0000,13.4900
04/12/2018,117.1200,0.0000,13.6200
06/12/2018,117.1400,0.0000,13.6000
07/12/2018,118.0900,0.0000,13.7300
10/12/2018,117.6800,0.0000,13.6500
11/12/2018,117.5400,0.0000,13.6600
12/12/2018,117.7900,0.0000,13.8200
13/12/2018,117.5300,0.0000,13.8600
14/12/2018,117.0600,0.0000,13.7000
17/12/2018,117.8700,0.0000,13.7700
18/12/2018,118.1500,0.0000,13.7500
19/12/2018,117.4300,0.0000,13.6900
20/12/2018,119.2400,0.0000,13.8500
21/12/2018,118.7200,0.0000,13.7400
24/12/2018,120.0200,0.0000,13.8700
26/12/2018,119.6600,0.0000,14.1100
27/12/2018,120.5700,0.0000,14.3000
28/12/2018,121.0600,0.0000,14.4200
31/12/2018,121.2500,0.0000,14.5200
02/01/2019,121.3300,0.0000,14.5600
03/01/2019,122.4300,0.0000,14.7500
04/01/2019,121.4400,0.0000,14.7300
07/01/2019,121.8600,0.0000,14.6700
08/01/2019,121.5300,0.0000,14.6900
09/01/2019,122.3100,0.0000,14.7800
10/01/2019,121.5900,0.0000,14.6000
11/01/2019,121.8000,0.0000,14.6400
14/01/2019,122.0900,0.0000,14.6600
15/01/2019,121.8800,0.0000,14.6000
16/01/2019,122.2700,0.0000,14.6300
17/01/2019,122.1100,0.0000,14.5700
18/01/2019,121.0200,0.0000,14.3700
22/01/2019,121.4500,0.0000,14.3900
23/01/2019,121.2800,0.0000,14.4200
24/01/2019,121.0900,0.0000,14.3600
25/01/2019,122.8600,0.0000,14.7400
28/01/2019,123.2900,0.0000,14.7900
29/01/2019,123.9800,0.0000,14.8800
30/01/2019,124.6900,0.0000,15.0500
31/01/2019,124.7500,0.0000,15.0500
01/02/2019,124.5000,0.0000,14.9200
04/02/2019,123.9600,0.0000,14.8800
05/02/2019,124.2800,0.0000,14.8700
06/02/2019,123.4400,0.0000,14.6800
07/02/2019,123.7400,0.0000,14.7700
08/02/2019,124.2100,0.0000,14.8300
11/02/2019,123.6000,0.0000,14.7200
12/02/2019,123.8600,0.0000,14.7300
13/02/2019,123.3700,0.0000,14.5900
14/02/2019,124.0600,0.0000,14.6500
15/02/2019,124.8000,0.0000,14.8200
19/02/2019,126.7000,0.0000,15.0200
20/02/2019,126.4800,0.0000,15.0700
21/02/2019,125.0500,0.0000,14.8300
22/02/2019,125.5000,0.0000,14.9500
25/02/2019,125.3700,0.0000,14.9000
26/02/2019,125.5800,0.0000,14.9400
27/02/2019,124.6900,0.0000,14.7500
28/02/2019,123.9900,0.0000,14.6300
01/03/2019,121.8800,0.0000,14.2000
04/03/2019,121.5600,0.0000,14.1500
05/03/2019,121.7200,0.0000,14.2000
06/03/2019,121.6100,0.0000,14.1500
07/03/2019,121.5100,0.0000,14.0900
08/03/2019,122.8400,0.0000,14.4100
11/03/2019,122.2400,0.0000,14.3700
12/03/2019,122.9800,0.0000,14.4800
13/03/2019,123.8400,0.0000,14.5100
14/03/2019,122.4100,0.0000,14.2400
15/03/2019,122.9700,0.0000,14.3300
18/03/2019,123.0400,0.0000,14.3900
19/03/2019,123.3800,0.0000,14.4000
20/03/2019,124.1800,0.0000,14.5400
21/03/2019,123.6800,0.0000,14.5000
22/03/2019,123.9700,0.0000,14.4500
25/03/2019,124.9200,0.0000,14.5600
26/03/2019,124.3000,0.0000,14.4700
27/03/2019,123.6500,0.0000,14.3200
28/03/2019,121.9000,0.0000,14.0700
29/03/2019,122.0100,0.0000,14.1800
01/04/2019,121.5300,0.0000,14.1500
02/04/2019,121.9800,0.0000,14.1600
03/04/2019,121.8000,0.0000,14.2000
04/04/2019,122.1100,0.0000,14.2200
05/04/2019,121.9800,0.0000,14.1700
08/04/2019,122.5100,0.0000,14.3100
09/04/2019,123.1500,0.0000,14.2800
10/04/2019,123.5300,0.0000,14.2800
11/04/2019,121.9500,0.0000,14.0200
12/04/2019,121.8300,0.0000,14.0500
15/04/2019,121.6000,0.0000,14.0600
16/04/2019,120.5100,0.0000,14.0700
17/04/2019,120.2800,0.0000,14.0500
18/04/2019,120.3700,0.0000,14.0600
22/04/2019,120.3700,0.0000,14.0800
23/04/2019,120.1200,0.0000,13.9100
24/04/2019,120.4700,0.0000,14.0000
25/04/2019,120.5700,0.0000,14.0000
26/04/2019,121.3700,0.0000,14.1000
29/04/2019,120.8300,0.0000,13.9900
30/04/2019,121.2000,0.0000,14.0200
01/05/2019,120.4000,0.0000,13.7500
02/05/2019,119.9400,0.0000,13.7100
03/05/2019,120.6500,0.0000,13.9600
06/05/2019,120.8100,0.0000,13.9800
07/05/2019,121.2100,0.0000,13.9800
08/05/2019,120.9100,0.0000,13.8900
09/05/2019,121.2000,0.0000,13.8300
10/05/2019,121.4300,0.0000,13.8400
13/05/2019,122.6700,0.0000,13.8400
14/05/2019,122.4600,0.0000,13.8600
15/05/2019,122.3900,0.0000,13.8500
16/05/2019,121.5100,0.0000,13.6500
17/05/2019,120.6500,0.0000,13.5200
20/05/2019,120.6400,0.0000,13.5500
21/05/2019,120.3600,0.0000,13.5300
22/05/2019,120.2400,0.0000,13.5400
23/05/2019,121.1700,0.0000,13.6800
24/05/2019,121.3000,0.0000,13.6500
28/05/2019,120.8300,0.0000,13.4600
29/05/2019,120.8700,0.0000,13.5200
30/05/2019,121.6900,0.0000,13.6000
31/05/2019,123.3300,0.0000,13.6500
03/06/2019,125.1100,0.0000,13.8700
04/06/2019,125.1500,0.0000,13.8900
05/06/2019,125.4700,0.0000,13.8800
06/06/2019,125.8800,0.0000,13.9200
07/06/2019,126.5900,0.0000,14.0600
10/06/2019,125.3300,0.0000,13.7800
11/06/2019,125.1800,0.0000,13.8100
12/06/2019,125.8300,0.0000,13.8400
13/06/2019,126.6000,0.0000,13.9600
14/06/2019,126.5600,0.0000,13.9100
17/06/2019,126.4800,0.0000,13.9000
18/06/2019,127.1200,0.0000,14.0500
19/06/2019,127.8900,0.0000,14.1700
20/06/2019,131.1100,0.0000,14.4500
21/06/2019,131.9800,0.0000,14.3600
24/06/2019,133.9400,0.0000,14.4600
25/06/2019,134.2000,0.0000,14.3800
26/06/2019,132.9700,0.0000,14.3200
27/06/2019,132.8400,0.0000,14.2800
28/06/2019,133.2000,0.0000,14.3300
01/07/2019,130.6200,0.0000,14.1800
02/07/2019,133.4100,0.0000,14.2900
03/07/2019,133.6300,0.0000,14.3200
05/07/2019,132.1400,0.0000,14.0600
08/07/2019,131.2900,0.0000,14.0500
09/07/2019,131.7500,0.0000,14.1400
10/07/2019,133.8300,0.0000,14.2600
11/07/2019,132.7000,0.0000,14.1700
12/07/2019,133.5300,0.0000,14.2600
15/07/2019,133.5300,0.0000,14.4200
16/07/2019,132.4000,0.0000,14.5400
17/07/2019,134.5800,0.0000,14.9400
18/07/2019,136.4800,0.0000,15.2900
19/07/2019,134.4700,0.0000,15.1700
22/07/2019,134.4500,0.0000,15.3500
23/07/2019,133.6900,0.0000,15.3400
24/07/2019,134.3700,0.0000,15.5200
25/07/2019,133.4200,0.0000,15.3600
26/07/2019,133.6400,0.0000,15.3100
29/07/2019,134.5300,0.0000,15.4000
30/07/2019,134.9800,0.0000,15.5000
31/07/2019,133.2100,0.0000,15.2100
01/08/2019,136.4100,0.0000,15.3400
02/08/2019,135.8900,0.0000,15.1900
05/08/2019,137.7900,0.0000,15.3300
06/08/2019,138.9100,0.0000,15.3800
07/08/2019,141.0200,0.0000,15.9700
08/08/2019,141.7300,0.0000,15.8900
09/08/2019,141.2600,0.0000,15.8900
12/08/2019,142.6300,0.0000,15.9800
13/08/2019,141.7800,0.0000,15.8700
14/08/2019,142.7500,0.0000,16.0800
15/08/2019,143.7000,0.0000,16.1300
16/08/2019,142.7800,0.0000,16.0200
19/08/2019,141.1100,0.0000,15.7900
20/08/2019,142.2100,0.0000,16.0500
21/08/2019,141.7600,0.0000,16.0500
22/08/2019,141.4000,0.0000,15.9700
23/08/2019,144.1700,0.0000,16.3500
26/08/2019,144.1900,0.0000,16.5200
27/08/2019,145.5700,0.0000,17.0300
28/08/2019,145.1600,0.0000,17.1700
29/08/2019,144.1200,0.0000,17.0700
30/08/2019,143.7500,0.0000,17.1500
03/09/2019,145.7500,0.0000,17.8900
04/09/2019,146.6600,0.0000,18.3400
05/09/2019,143.1400,0.0000,17.4100
06/09/2019,141.9200,0.0000,16.8700
09/09/2019,141.3900,0.0000,16.8300
10/09/2019,140.1800,0.0000,16.8500
11/09/2019,141.0300,0.0000,16.9500
12/09/2019,141.3200,0.0000,16.9200
13/09/2019,140.1500,0.0000,16.3100
16/09/2019,141.3200,0.0000,16.7400
17/09/2019,141.6000,0.0000,16.8600
18/09/2019,140.7100,0.0000,16.5500
19/09/2019,141.2800,0.0000,16.6200
20/09/2019,142.9500,0.0000,16.8000
23/09/2019,143.7500,0.0000,17.5100
24/09/2019,144.5100,0.0000,17.4400
25/09/2019,141.8300,0.0000,16.7100
26/09/2019,141.7900,0.0000,16.6700
27/09/2019,141.0600,0.0000,16.3600
30/09/2019,138.8700,0.0000,15.9200
01/10/2019,139.6300,0.0000,16.1500
02/10/2019,141.2600,0.0000,16.4300
03/10/2019,141.9000,0.0000,16.4300
04/10/2019,141.9000,0.0000,16.4100
07/10/2019,140.6900,0.0000,16.3000
08/10/2019,141.9200,0.0000,16.6100
09/10/2019,142.0500,0.0000,16.6000
10/10/2019,140.8100,0.0000,16.3700
11/10/2019,140.0300,0.0000,16.3700
14/10/2019,140.5900,0.0000,16.4900
15/10/2019,139.6100,0.0000,16.2700
16/10/2019,140.4100,0.0000,16.2600
17/10/2019,140.6100,0.0000,16.4000
18/10/2019,140.4600,0.0000,16.4100
21/10/2019,139.7900,0.0000,16.4100
22/10/2019,140.2000,0.0000,16.3700
23/10/2019,140.5300,0.0000,16.3900
24/10/2019,141.5300,0.0000,16.6500
25/10/2019,141.8600,0.0000,16.8900
28/10/2019,140.6400,0.0000,16.6800
29/10/2019,140.2500,0.0000,16.6500
30/10/2019,141.0200,0.0000,16.7300
31/10/2019,142.4300,0.0000,16.9200
01/11/2019,142.5600,0.0000,16.9200
04/11/2019,142.1500,0.0000,16.8500
05/11/2019,139.8500,0.0000,16.4400
06/11/2019,140.4500,0.0000,16.4700
07/11/2019,138.2700,0.0000,16.0000
08/11/2019,137.3900,0.0000,15.7000
11/11/2019,137.0600,0.0000,15.7500
12/11/2019,137.4300,0.0000,15.7200
13/11/2019,137.9800,0.0000,15.8300
14/11/2019,138.5600,0.0000,15.9000
15/11/2019,138.2100,0.0000,15.8500
18/11/2019,138.6200,0.0000,15.9200
19/11/2019,138.6900,0.0000,16.0200
20/11/2019,138.7600,0.0000,16.0400
21/11/2019,138.0000,0.0000,15.9900
22/11/2019,137.7400,0.0000,15.9000
25/11/2019,137.0800,0.0000,15.7800
26/11/2019,137.7400,0.0000,15.9900
27/11/2019,137.0100,0.0000,15.8400
29/11/2019,137.8600,0.0000,15.9200
02/12/2019,137.7900,0.0000,15.8000
03/12/2019,139.1100,0.0000,16.0500
04/12/2019,138.9200,0.0000,15.7600
05/12/2019,139.0000,0.0000,15.8500
06/12/2019,137.6200,0.0000,15.4800
09/12/2019,137.5800,0.0000,15.5000
10/12/2019,137.9700,0.0000,15.5700
11/12/2019,138.9200,0.0000,15.7500
12/12/2019,138.4300,0.0000,15.8500
13/12/2019,139.0500,0.0000,15.8400
16/12/2019,139.0400,0.0000,15.9100
17/12/2019,139.0100,0.0000,15.8800
18/12/2019,139.0200,0.0000,15.9000
19/12/2019,139.3800,0.0000,15.9400
20/12/2019,139.5200,0.0000,16.0400
23/12/2019,139.9500,0.0000,16.2800
24/12/2019,141.2700,0.0000,16.5800
26/12/2019,142.3800,0.0000,16.7300
27/12/2019,142.3300,0.0000,16.5800
30/12/2019,142.6300,0.0000,16.7400
31/12/2019,142.9000,0.0000,16.6800
02/01/2020,143.9500,0.0000,16.8100
03/01/2020,145.8600,0.0000,16.8400
06/01/2020,147.3900,0.0000,16.9400
07/01/2020,147.9700,0.0000,17.1700
08/01/2020,146.8600,0.0000,16.9300
09/01/2020,146.0300,0.0000,16.7200
10/01/2020,146.9100,0.0000,16.8900
13/01/2020,145.8200,0.0000,16.7800
14/01/2020,145.6900,0.0000,16.6200
15/01/2020,146.5400,0.0000,16.8100
16/01/2020,146.3100,0.0000,16.7700
17/01/2020,146.5800,0.0000,16.8200
21/01/2020,146.7400,0.0000,16.6400
22/01/2020,146.7900,0.0000,16.6600
23/01/2020,147.1200,0.0000,16.6100
24/01/2020,147.9800,0.0000,16.9100
27/01/2020,148.9900,0.0000,16.8900
28/01/2020,147.6600,0.0000,16.3200
29/01/2020,148.4600,0.0000,16.4100
30/01/2020,148.4700,0.0000,16.6800
31/01/2020,149.3300,0.0000,16.8200
03/02/2020,148.3600,0.0000,16.5000
04/02/2020,146.4300,0.0000,16.4500
05/02/2020,146.6100,0.0000,16.4600
06/02/2020,147.4000,0.0000,16.6300
07/02/2020,147.7900,0.0000,16.5400
10/02/2020,148.1700,0.0000,16.6100
11/02/2020,147.6600,0.0000,16.4800
12/02/2020,147.5400,0.0000,16.3300
13/02/2020,148.3800,0.0000,16.4600
14/02/2020,149.0000,0.0000,16.5600
18/02/2020,150.9100,0.0000,17.0100
19/02/2020,151.7900,0.0000,17.2300
20/02/2020,152.4100,0.0000,17.1400
21/02/2020,154.7000,0.0000,17.2800
24/02/2020,156.0900,0.0000,17.4000
25/02/2020,153.3000,0.0000,16.7100
26/02/2020,153.9700,0.0000,16.6800
27/02/2020,154.0000,0.0000,16.4700
28/02/2020,148.3800,0.0000,15.5300
02/03/2020,149.2000,0.0000,15.5600
03/03/2020,153.8900,0.0000,16.0200
04/03/2020,154.1600,0.0000,16.0900
05/03/2020,157.4900,0.0000,16.3000
06/03/2020,157.5500,0.0000,16.1800
09/03/2020,157.8100,0.0000,15.8800
10/03/2020,154.4800,0.0000,15.7300
11/03/2020,153.9300,0.0000,15.6300
12/03/2020,147.7900,0.0000,14.6200
13/03/2020,143.2800,0.0000,13.6900
16/03/2020,141.6400,0.0000,12.0000
17/03/2020,143.5600,0.0000,11.8800
18/03/2020,140.7000,0.0000,11.2100
19/03/2020,138.0400,0.0000,11.3200
20/03/2020,140.1100,0.0000,11.6200
23/03/2020,146.3000,0.0000,12.3100
24/03/2020,153.4000,0.0000,13.2900
25/03/2020,151.3000,0.0000,13.5100
26/03/2020,153.2400,0.0000,13.5300
27/03/2020,152.2500,0.0000,13.4400
30/03/2020,152.9200,0.0000,13.1600
31/03/2020,148.0500,0.0000,13.0500
01/04/2020,149.4500,0.0000,13.0200
02/04/2020,151.9000,0.0000,13.5300
03/04/2020,152.6500,0.0000,13.4600
06/04/2020,156.8800,0.0000,14.0300
07/04/2020,156.0400,0.0000,13.9900
08/04/2020,154.6500,0.0000,13.9400
09/04/2020,158.6900,0.0000,14.3400
13/04/2020,161.4100,0.0000,14.4000
14/04/2020,162.6800,0.0000,14.6500
15/04/2020,161.8500,0.0000,14.4900
16/04/2020,161.7100,0.0000,14.5100
17/04/2020,158.5700,0.0000,14.1500
20/04/2020,159.7000,0.0000,14.2600
21/04/2020,158.6100,0.0000,13.8800
22/04/2020,161.7300,0.0000,14.0900
23/04/2020,163.3400,0.0000,14.2100
24/04/2020,162.6400,0.0000,14.2100
27/04/2020,161.5600,0.0000,14.2100
28/04/2020,160.8400,0.0000,14.1000
29/04/2020,161.7300,0.0000,14.2800
30/04/2020,158.8000,0.0000,13.9800
01/05/2020,159.7800,0.0000,13.9200
04/05/2020,160.3400,0.0000,13.7700
05/05/2020,161.0200,0.0000,13.9300
06/05/2020,158.9500,0.0000,13.9200
07/05/2020,161.3900,0.0000,14.2600
08/05/2020,160.4200,0.0000,14.4400
11/05/2020,159.4200,0.0000,14.4400
12/05/2020,160.0400,0.0000,14.4200
13/05/2020,161.5800,0.0000,14.5500
14/05/2020,163.0100,0.0000,14.8100
15/05/2020,163.9300,0.0000,15.5100
18/05/2020,162.6900,0.0000,15.7900
19/05/2020,164.2600,0.0000,16.1700
20/05/2020,164.6500,0.0000,16.3600
21/05/2020,162.2500,0.0000,15.9600
22/05/2020,163.2100,0.0000,16.0400
26/05/2020,160.8900,0.0000,15.9700
27/05/2020,161.1800,0.0000,16.1500
28/05/2020,161.7200,0.0000,16.1900
29/05/2020,162.9100,0.0000,16.6600
01/06/2020,163.6600,0.0000,17.1000
02/06/2020,162.6000,0.0000,16.8400
03/06/2020,159.6000,0.0000,16.4800
04/06/2020,161.2800,0.0000,16.5400
05/06/2020,158.0100,0.0000,16.2000
08/06/2020,159.7200,0.0000,16.5900
09/06/2020,161.2600,0.0000,16.4200
10/06/2020,163.5700,0.0000,16.9600
11/06/2020,162.3900,0.0000,16.4400
12/06/2020,162.6200,0.0000,16.2800
15/06/2020,162.3300,0.0000,16.2300
16/06/2020,162.2500,0.0000,16.2600
17/06/2020,162.5600,0.0000,16.3300
18/06/2020,162.2400,0.0000,16.2100
19/06/2020,164.0300,0.0000,16.4900
22/06/2020,165.0900,0.0000,16.5000
23/06/2020,166.4800,0.0000,16.7600
24/06/2020,165.9000,0.0000,16.2800
25/06/2020,165.8000,0.0000,16.5900
26/06/2020,166.5400,0.0000,16.6300
29/06/2020,166.6300,0.0000,16.6500
30/06/2020,167.3700,0.0000,17.0100
01/07/2020,166.6200,0.0000,16.8200
02/07/2020,166.9800,0.0000,16.7100
06/07/2020,167.9800,0.0000,17.0500
07/07/2020,169.0400,0.0000,17.0100
08/07/2020,170.0900,0.0000,17.4900
09/07/2020,169.6300,0.0000,17.3800
10/07/2020,169.1900,0.0000,17.4300
13/07/2020,169.4000,0.0000,17.7300
14/07/2020,170.1900,0.0000,17.9700
15/07/2020,170.3400,0.0000,18.1700
16/07/2020,168.7300,0.0000,17.7800
17/07/2020,170.1200,0.0000,18.0100
20/07/2020,170.9400,0.0000,18.5300
21/07/2020,173.0000,0.0000,19.6700
22/07/2020,175.6300,0.0000,21.4400
23/07/2020,177.1800,0.0000,21.0300
24/07/2020,178.7000,0.0000,21.2100
27/07/2020,182.2300,0.0000,22.8300
28/07/2020,183.7500,0.0000,22.7700
29/07/2020,185.1300,0.0000,22.5700
30/07/2020,183.7600,0.0000,21.7600
31/07/2020,185.4300,0.0000,22.6500
03/08/2020,185.6400,0.0000,22.7400
04/08/2020,189.5900,0.0000,24.2500
05/08/2020,191.3500,0.0000,25.0500
06/08/2020,193.8900,0.0000,26.8800
07/08/2020,190.8100,0.0000,26.1900
10/08/2020,190.1500,0.0000,27.0000
11/08/2020,179.9400,0.0000,23.3300
12/08/2020,179.1000,0.0000,23.4200
13/08/2020,183.3300,0.0000,25.4500
14/08/2020,182.5400,0.0000,24.5800
17/08/2020,186.5000,0.0000,25.6200
18/08/2020,188.1800,0.0000,25.8800
19/08/2020,182.2400,0.0000,24.8800
20/08/2020,183.5000,0.0000,25.6100
21/08/2020,182.0300,0.0000,24.9000
24/08/2020,181.0000,0.0000,24.6000
25/08/2020,181.2200,0.0000,24.7600
26/08/2020,183.3600,0.0000,25.5700
27/08/2020,181.2400,0.0000,25.1600
28/08/2020,184.3900,0.0000,25.6100
31/08/2020,184.8300,0.0000,26.2300
01/09/2020,185.0500,0.0000,26.1400
02/09/2020,182.6200,0.0000,25.5500
03/09/2020,181.1400,0.0000,24.7400
04/09/2020,181.6400,0.0000,25.0600
08/09/2020,181.2900,0.0000,24.7500
09/09/2020,183.0500,0.0000,25.1800
10/09/2020,182.4600,0.0000,24.8600
11/09/2020,182.4500,0.0000,24.9000
14/09/2020,183.8900,0.0000,25.2900
15/09/2020,183.4500,0.0000,25.2300
16/09/2020,183.9700,0.0000,25.2300
17/09/2020,182.9600,0.0000,25.2300
18/09/2020,183.2000,0.0000,24.9300
21/09/2020,179.5200,0.0000,23.0300
22/09/2020,178.6500,0.0000,22.7900
23/09/2020,174.7900,0.0000,21.1700
24/09/2020,175.4400,0.0000,21.5600
25/09/2020,174.9400,0.0000,21.3000
28/09/2020,176.7000,0.0000,22.0200
29/09/2020,178.1900,0.0000,22.5000
30/09/2020,177.1200,0.0000,21.6400
01/10/2020,178.7000,0.0000,22.0900
02/10/2020,178.5400,0.0000,22.1300
05/10/2020,179.4100,0.0000,22.6200
06/10/2020,177.3000,0.0000,21.7300
07/10/2020,177.2200,0.0000,22.0900
08/10/2020,177.8500,0.0000,22.1800
09/10/2020,181.0800,0.0000,23.4100
12/10/2020,180.5600,0.0000,23.3300
13/10/2020,177.7200,0.0000,22.4900
14/10/2020,178.2700,0.0000,22.5400
15/10/2020,178.9200,0.0000,22.5900
16/10/2020,178.3000,0.0000,22.4200
19/10/2020,178.3900,0.0000,22.5800
20/10/2020,179.2500,0.0000,23.0200
21/10/2020,180.6000,0.0000,23.2900
22/10/2020,178.8300,0.0000,22.9600
23/10/2020,178.6400,0.0000,22.9400
26/10/2020,178.5500,0.0000,22.6100
27/10/2020,179.0200,0.0000,22.7300
28/10/2020,176.1300,0.0000,21.7800
29/10/2020,175.4000,0.0000,21.7100
30/10/2020,176.2000,0.0000,21.9900
02/11/2020,177.9100,0.0000,22.4100
03/11/2020,178.9200,0.0000,22.4400
04/11/2020,178.8200,0.0000,22.2400
05/11/2020,182.9300,0.0000,23.6100
06/11/2020,183.1900,0.0000,23.7900
09/11/2020,175.0800,0.0000,22.5000
10/11/2020,175.6600,0.0000,22.4300
11/11/2020,174.9000,0.0000,22.5200
12/11/2020,175.9600,0.0000,22.5500
13/11/2020,177.1600,0.0000,22.9000
16/11/2020,177.1500,0.0000,23.0200
17/11/2020,176.5000,0.0000,22.7400
18/11/2020,175.4900,0.0000,22.5500
19/11/2020,175.1600,0.0000,22.4200
20/11/2020,175.6900,0.0000,22.4900
23/11/2020,172.2300,0.0000,21.9300
24/11/2020,169.5900,0.0000,21.6300
25/11/2020,169.5100,0.0000,21.7200
27/11/2020,167.7900,0.0000,21.0500
30/11/2020,166.6700,0.0000,21.0500
01/12/2020,170.1800,0.0000,22.3000
02/12/2020,171.4600,0.0000,22.3300
03/12/2020,172.8100,0.0000,22.4300
04/12/2020,172.3200,0.0000,22.4800
07/12/2020,174.8900,0.0000,22.8200
08/12/2020,175.5000,0.0000,22.8200
09/12/2020,172.5000,0.0000,22.2300
10/12/2020,172.1700,0.0000,22.3200
11/12/2020,172.4900,0.0000,22.2600
14/12/2020,171.5400,0.0000,22.1600
15/12/2020,173.9400,0.0000,22.8000
16/12/2020,174.9000,0.0000,23.6200
17/12/2020,176.7400,0.0000,24.1500
18/12/2020,176.4400,0.0000,23.9600
21/12/2020,175.8800,0.0000,24.3800
22/12/2020,174.4900,0.0000,23.4300
23/12/2020,175.6500,0.0000,23.8000
24/12/2020,176.3500,0.0000,23.9600
28/12/2020,175.7100,0.0000,24.4300
29/12/2020,176.3500,0.0000,24.3900
30/12/2020,177.7000,0.0000,24.7600
31/12/2020,178.3600,0.0000,24.5700
04/01/2021,182.3300,0.0000,25.3500
05/01/2021,182.8700,0.0000,25.6700
06/01/2021,179.9000,0.0000,25.3400
07/01/2021,179.4800,0.0000,25.2600
08/01/2021,173.3400,0.0000,23.5100
11/01/2021,173.0000,0.0000,23.2100
12/01/2021,174.1200,0.0000,23.7200
13/01/2021,173.3700,0.0000,23.4400
14/01/2021,173.2800,0.0000,23.7100
15/01/2021,171.1300,0.0000,22.9500
19/01/2021,172.5800,0.0000,23.3800
20/01/2021,175.3900,0.0000,24.0100
21/01/2021,175.2800,0.0000,24.1500
22/01/2021,173.9000,0.0000,23.6600
25/01/2021,174.0500,0.0000,23.5500
26/01/2021,173.6200,0.0000,23.6500
27/01/2021,172.5200,0.0000,23.4200
28/01/2021,172.6800,0.0000,24.7200
29/01/2021,172.6100,0.0000,24.9900
01/02/2021,174.2300,0.0000,26.7600
02/02/2021,172.1100,0.0000,24.5400
03/02/2021,171.8500,0.0000,24.9300
04/02/2021,168.1500,0.0000,24.4800
05/02/2021,169.8100,0.0000,24.9500
08/02/2021,171.5200,0.0000,25.3900
09/02/2021,172.0800,0.0000,25.2800
10/02/2021,172.7100,0.0000,25.0700
11/02/2021,171.2100,0.0000,25.0900
12/02/2021,170.6900,0.0000,25.3100
16/02/2021,168.2400,0.0000,25.2600
17/02/2021,166.3300,0.0000,25.4000
18/02/2021,166.3200,0.0000,25.0600
19/02/2021,167.0100,0.0000,25.2600
22/02/2021,169.5100,0.0000,26.2700
23/02/2021,169.1200,0.0000,25.7100
24/02/2021,169.0000,0.0000,25.9400
25/02/2021,165.8200,0.0000,25.4000
26/02/2021,161.8100,0.0000,24.6600
01/03/2021,161.5300,0.0000,24.6000
02/03/2021,162.4100,0.0000,24.8000
03/03/2021,160.6200,0.0000,24.2800
04/03/2021,159.0400,0.0000,23.5600
05/03/2021,159.1400,0.0000,23.3600
08/03/2021,157.4900,0.0000,23.3200
09/03/2021,160.8400,0.0000,24.0500
10/03/2021,161.6600,0.0000,24.3200
11/03/2021,161.5200,0.0000,24.2500
12/03/2021,161.4900,0.0000,24.0300
15/03/2021,162.2000,0.0000,24.3300
16/03/2021,162.3500,0.0000,24.1000
17/03/2021,163.5100,0.0000,24.4200
18/03/2021,162.5600,0.0000,24.1000
19/03/2021,163.2400,0.0000,24.3100
22/03/2021,163.0000,0.0000,23.9400
23/03/2021,161.8100,0.0000,23.2200
24/03/2021,162.3700,0.0000,23.2400
25/03/2021,161.7800,0.0000,23.2900
26/03/2021,162.2400,0.0000,23.2300
29/03/2021,160.3100,0.0000,22.9100
30/03/2021,157.5700,0.0000,22.2600
31/03/2021,159.9600,0.0000,22.7000
01/04/2021,161.9800,0.0000,23.1500
05/04/2021,161.9200,0.0000,23.0900
06/04/2021,163.2200,0.0000,23.3400
07/04/2021,162.7600,0.0000,23.3300
08/04/2021,164.5100,0.0000,23.6200
09/04/2021,163.2700,0.0000,23.4100
12/04/2021,162.2800,0.0000,23.0400
13/04/2021,163.4300,0.0000,23.5100
14/04/2021,162.7200,0.0000,23.5900
15/04/2021,165.3500,0.0000,24.0300
16/04/2021,166.3500,0.0000,24.0900
19/04/2021,165.8900,0.0000,23.9800
20/04/2021,166.4800,0.0000,23.9600
21/04/2021,168.1300,0.0000,24.7000
22/04/2021,167.0400,0.0000,24.2100
23/04/2021,166.4000,0.0000,24.1400
26/04/2021,166.8400,0.0000,24.3000
27/04/2021,166.4200,0.0000,24.3900
28/04/2021,166.9100,0.0000,24.4000
29/04/2021,166.2200,0.0000,24.2500
30/04/2021,165.6600,0.0000,24.0100
03/05/2021,167.8100,0.0000,24.9600
04/05/2021,166.5800,0.0000,24.5700
05/05/2021,167.2700,0.0000,24.5700
06/05/2021,170.0600,0.0000,25.3700
07/05/2021,171.5900,0.0000,25.4700
10/05/2021,172.1100,0.0000,25.3500
11/05/2021,172.1400,0.0000,25.6700
12/05/2021,170.4300,0.0000,25.0900
13/05/2021,171.1300,0.0000,25.1600
14/05/2021,172.6900,0.0000,25.4600
17/05/2021,174.7000,0.0000,26.1900
18/05/2021,175.0400,0.0000,26.1500
19/05/2021,175.1600,0.0000,25.7300
20/05/2021,175.9600,0.0000,25.7900
21/05/2021,176.0400,0.0000,25.5300
24/05/2021,176.3500,0.0000,25.7500
25/05/2021,177.9500,0.0000,25.9900
26/05/2021,177.6400,0.0000,25.6700
27/05/2021,177.7100,0.0000,25.8500
28/05/2021,178.3800,0.0000,25.9000
01/06/2021,177.9000,0.0000,25.8400
02/06/2021,178.7700,0.0000,26.1500
03/06/2021,175.2700,0.0000,25.4600
04/06/2021,177.1600,0.0000,25.7800
07/06/2021,177.8700,0.0000,25.9000
08/06/2021,177.3200,0.0000,25.6100
09/06/2021,176.9800,0.0000,25.7800
10/06/2021,177.7400,0.0000,25.9700
11/06/2021,175.7400,0.0000,25.8700
14/06/2021,174.7100,0.0000,25.8400
15/06/2021,174.0500,0.0000,25.6500
16/06/2021,171.1100,0.0000,25.2600
17/06/2021,165.8500,0.0000,24.0500
18/06/2021,164.9300,0.0000,23.8800
21/06/2021,166.9500,0.0000,24.0800
22/06/2021,166.2500,0.0000,23.8500
23/06/2021,166.1400,0.0000,23.9300
24/06/2021,166.0400,0.0000,24.0400
25/06/2021,166.5900,0.0000,24.1800
28/06/2021,166.5800,0.0000,24.2100
29/06/2021,164.8300,0.0000,23.8900
30/06/2021,165.6300,0.0000,24.2200
01/07/2021,166.2000,0.0000,24.1100
02/07/2021,167.2900,0.0000,24.5500
06/07/2021,168.1200,0.0000,24.2300
07/07/2021,168.7600,0.0000,24.2400
08/07/2021,168.6500,0.0000,24.0100
09/07/2021,169.2100,0.0000,24.1900
12/07/2021,169.0000,0.0000,24.2800
13/07/2021,169.2200,0.0000,24.0800
14/07/2021,171.0400,0.0000,24.3300
15/07/2021,171.0700,0.0000,24.3800
16/07/2021,169.4100,0.0000,23.7700
19/07/2021,169.6100,0.0000,23.2900
20/07/2021,169.3900,0.0000,23.1400
21/07/2021,168.7600,0.0000,23.4200
22/07/2021,169.0900,0.0000,23.5600
23/07/2021,168.5600,0.0000,23.3500
26/07/2021,168.1600,0.0000,23.3600
27/07/2021,168.4400,0.0000,22.9600
28/07/2021,169.2900,0.0000,23.1700
29/07/2021,171.1700,0.0000,23.7200
30/07/2021,169.8200,0.0000,23.6300
02/08/2021,169.6100,0.0000,23.5300
03/08/2021,169.4900,0.0000,23.6800
04/08/2021,169.5300,0.0000,23.5400
05/08/2021,168.8600,0.0000,23.3000
06/08/2021,164.6400,0.0000,22.5200
09/08/2021,161.7200,0.0000,21.7500
10/08/2021,161.7700,0.0000,21.6200
11/08/2021,164.0000,0.0000,21.8400
12/08/2021,164.0400,0.0000,21.5000
13/08/2021,166.3900,0.0000,21.9700
16/08/2021,167.2200,0.0000,22.1000
17/08/2021,166.9700,0.0000,21.9000
18/08/2021,167.1000,0.0000,21.7600
19/08/2021,166.6100,0.0000,21.5100
20/08/2021,166.7000,0.0000,21.3500
23/08/2021,168.7300,0.0000,21.8800
24/08/2021,168.6500,0.0000,22.0800
25/08/2021,167.4800,0.0000,22.0900
26/08/2021,167.6700,0.0000,21.8500
27/08/2021,170.1900,0.0000,22.3300
30/08/2021,169.3500,0.0000,22.2600
31/08/2021,169.6900,0.0000,22.1400
01/09/2021,169.7000,0.0000,22.3700
02/09/2021,169.2500,0.0000,22.1400
03/09/2021,171.0600,0.0000,22.8800
07/09/2021,167.7100,0.0000,22.5100
08/09/2021,167.2900,0.0000,22.1700
09/09/2021,168.0300,0.0000,22.2700
10/09/2021,167.1800,0.0000,21.9900
13/09/2021,167.7400,0.0000,21.9900
14/09/2021,168.8200,0.0000,22.1000
15/09/2021,167.8300,0.0000,22.0700
16/09/2021,164.0300,0.0000,21.2500
17/09/2021,163.7700,0.0000,20.7400
20/09/2021,164.9400,0.0000,20.5900
21/09/2021,166.0400,0.0000,20.8400
22/09/2021,165.4200,0.0000,20.9900
23/09/2021,163.5100,0.0000,20.9100
24/09/2021,163.3000,0.0000,20.7100
27/09/2021,163.6400,0.0000,20.9400
28/09/2021,162.0500,0.0000,20.7800
29/09/2021,161.3200,0.0000,19.9500
30/09/2021,164.2200,0.0000,20.5200
01/10/2021,164.5900,0.0000,20.8300
04/10/2021,165.3600,0.0000,20.9800
05/10/2021,164.5900,0.0000,20.9200
06/10/2021,165.0300,0.0000,20.9600
07/10/2021,164.1600,0.0000,20.9000
08/10/2021,164.2300,0.0000,20.9500
11/10/2021,163.9200,0.0000,20.8800
12/10/2021,164.6600,0.0000,20.9300
13/10/2021,167.5900,0.0000,21.3300
14/10/2021,168.0000,0.0000,21.8000
15/10/2021,165.3300,0.0000,21.5800
18/10/2021,164.9200,0.0000,21.4900
19/10/2021,165.4500,0.0000,21.8900
20/10/2021,166.9000,0.0000,22.5300
21/10/2021,166.7500,0.0000,22.3500
22/10/2021,167.7700,0.0000,22.5400
25/10/2021,168.9300,0.0000,22.7400
26/10/2021,167.6800,0.0000,22.3700
27/10/2021,168.1200,0.0000,22.2900
28/10/2021,168.0800,0.0000,22.2700
29/10/2021,166.6500,0.0000,22.0900
01/11/2021,167.5200,0.0000,22.2300
02/11/2021,167.1600,0.0000,21.8000
03/11/2021,165.7700,0.0000,21.8100
04/11/2021,167.6500,0.0000,22.0000
05/11/2021,169.8400,0.0000,22.3500
08/11/2021,170.4500,0.0000,22.6500
09/11/2021,171.2900,0.0000,22.5300
10/11/2021,173.1500,0.0000,22.8700
11/11/2021,174.1200,0.0000,23.3500
12/11/2021,174.4500,0.0000,23.4200
15/11/2021,174.1800,0.0000,23.2400
16/11/2021,172.9200,0.0000,22.9600
17/11/2021,174.5000,0.0000,23.1700
18/11/2021,173.9400,0.0000,22.9600
19/11/2021,172.6100,0.0000,22.7500
22/11/2021,168.7400,0.0000,22.3400
23/11/2021,167.2800,0.0000,21.9200
24/11/2021,167.1200,0.0000,21.7900
26/11/2021,166.8500,0.0000,21.3700
29/11/2021,166.6200,0.0000,21.1600
30/11/2021,165.5000,0.0000,21.0600
01/12/2021,166.1600,0.0000,20.5700
02/12/2021,165.2400,0.0000,20.6900
03/12/2021,166.6300,0.0000,20.8500
06/12/2021,166.2200,0.0000,20.7100
07/12/2021,166.8100,0.0000,20.8100
08/12/2021,166.9000,0.0000,20.7600
09/12/2021,165.8800,0.0000,20.3000
10/12/2021,166.5800,0.0000,20.5000
13/12/2021,167.0000,0.0000,20.6100
14/12/2021,165.4400,0.0000,20.3100
15/12/2021,166.1500,0.0000,20.4100
16/12/2021,168.1600,0.0000,20.7900
17/12/2021,167.8000,0.0000,20.6800
20/12/2021,167.0900,0.0000,20.5700
21/12/2021,167.0200,0.0000,20.7700
22/12/2021,168.5900,0.0000,21.1000
23/12/2021,168.9700,0.0000,21.1600
27/12/2021,169.3700,0.0000,21.3300
28/12/2021,168.6400,0.0000,21.2700
29/12/2021,168.5900,0.0000,21.1100
30/12/2021,169.8000,0.0000,21.3400
31/12/2021,170.9600,0.0000,21.5100
03/01/2022,168.3300,0.0000,21.1800
04/01/2022,169.5700,0.0000,21.3200
05/01/2022,169.0600,0.0000,21.0000
06/01/2022,166.9900,0.0000,20.5100
07/01/2022,167.7500,0.0000,20.6200
10/01/2022,168.2600,0.0000,20.7600
11/01/2022,170.2900,0.0000,21.0500
12/01/2022,170.7400,0.0000,21.4500
13/01/2022,170.1600,0.0000,21.3300
14/01/2022,169.6700,0.0000,21.2000
18/01/2022,169.3900,0.0000,21.6900
19/01/2022,172.0800,0.0000,22.3700
20/01/2022,171.6500,0.0000,22.6200
21/01/2022,171.0900,0.0000,22.3800
24/01/2022,172.0300,0.0000,22.1100
25/01/2022,172.5800,0.0000,22.0200
26/01/2022,169.7900,0.0000,21.7200
27/01/2022,167.6000,0.0000,21.0200
28/01/2022,167.1000,0.0000,20.7100
31/01/2022,168.0900,0.0000,20.8000
01/02/2022,168.2300,0.0000,20.9400
02/02/2022,168.8400,0.0000,20.9300
03/02/2022,168.6000,0.0000,20.7100
04/02/2022,168.8600,0.0000,20.7900
07/02/2022,170.1100,0.0000,21.2700
08/02/2022,170.6300,0.0000,21.4500
09/02/2022,171.2100,0.0000,21.5300
10/02/2022,170.5600,0.0000,21.4200
11/02/2022,173.8100,0.0000,21.8300
14/02/2022,174.7400,0.0000,22.0500
15/02/2022,173.0800,0.0000,21.6100
16/02/2022,174.8600,0.0000,21.8700
17/02/2022,177.2500,0.0000,22.0400
18/02/2022,177.1200,0.0000,22.1200
22/02/2022,177.4900,0.0000,22.3100
23/02/2022,178.2900,0.0000,22.7300
24/02/2022,177.1400,0.0000,22.3100
25/02/2022,176.5500,0.0000,22.4000
28/02/2022,178.3800,0.0000,22.6200
01/03/2022,181.6200,0.0000,23.5400
02/03/2022,179.7300,0.0000,23.3700
03/03/2022,180.8000,0.0000,23.2900
04/03/2022,183.6800,0.0000,23.6400
07/03/2022,186.4100,0.0000,23.7000
08/03/2022,191.5100,0.0000,24.4500
09/03/2022,185.8200,0.0000,23.8000
10/03/2022,186.4000,0.0000,24.0100
11/03/2022,185.0900,0.0000,23.8700
14/03/2022,182.3000,0.0000,23.1600
15/03/2022,178.8900,0.0000,23.0000
16/03/2022,180.0100,0.0000,23.1100
17/03/2022,180.8900,0.0000,23.3300
18/03/2022,179.3000,0.0000,23.0200
21/03/2022,180.6700,0.0000,23.2800
22/03/2022,179.3600,0.0000,22.8800
23/03/2022,181.8100,0.0000,23.2400
24/03/2022,183.1300,0.0000,23.6100
25/03/2022,182.3800,0.0000,23.4800
28/03/2022,179.0600,0.0000,22.9300
29/03/2022,179.1400,0.0000,22.9100
30/03/2022,180.5800,0.0000,22.9400
31/03/2022,180.6500,0.0000,22.8800
01/04/2022,179.5000,0.0000,22.7400
04/04/2022,180.3700,0.0000,22.6300
05/04/2022,179.2400,0.0000,22.3600
06/04/2022,179.6600,0.0000,22.5700
07/04/2022,180.3400,0.0000,22.7000
08/04/2022,181.4700,0.0000,22.8200
11/04/2022,182.3700,0.0000,23.1500
12/04/2022,183.7700,0.0000,23.4700
13/04/2022,184.6500,0.0000,23.7500
14/04/2022,184.0400,0.0000,23.6400
18/04/2022,184.6100,0.0000,23.8700
19/04/2022,181.8200,0.0000,23.2400
20/04/2022,182.7100,0.0000,23.2800
21/04/2022,182.0600,0.0000,22.7900
22/04/2022,180.2900,0.0000,22.3100
25/04/2022,177.0500,0.0000,21.8300
26/04/2022,177.3200,0.0000,21.6500
27/04/2022,175.9800,0.0000,21.4900
28/04/2022,176.9300,0.0000,21.4200
29/04/2022,176.9100,0.0000,21.0400
02/05/2022,173.6300,0.0000,20.8700
03/05/2022,174.0900,0.0000,20.8300
04/05/2022,175.8000,0.0000,21.2800
05/05/2022,175.1300,0.0000,20.7800
06/05/2022,175.4200,0.0000,20.6600
09/05/2022,172.8800,0.0000,20.0300
10/05/2022,171.4200,0.0000,19.5500
11/05/2022,172.8200,0.0000,19.8700
12/05/2022,170.1700,0.0000,19.1200
13/05/2022,168.7900,0.0000,19.4200
16/05/2022,170.4000,0.0000,19.9300
17/05/2022,169.3300,0.0000,19.9200
18/05/2022,169.4200,0.0000,19.7300
19/05/2022,171.9100,0.0000,20.2700
20/05/2022,172.0300,0.0000,20.0700
23/05/2022,172.8300,0.0000,20.1000
24/05/2022,174.1300,0.0000,20.3900
25/05/2022,173.0800,0.0000,20.3400
26/05/2022,172.7600,0.0000,20.3100
27/05/2022,172.8500,0.0000,20.3600
31/05/2022,171.1400,0.0000,19.8400
01/06/2022,172.2300,0.0000,20.1300
02/06/2022,174.3500,0.0000,20.5900
03/06/2022,172.5800,0.0000,20.2300
06/06/2022,171.8200,0.0000,20.3700
07/06/2022,172.9400,0.0000,20.5200
08/06/2022,172.7800,0.0000,20.3500
09/06/2022,172.2300,0.0000,19.9700
10/06/2022,174.5400,0.0000,20.1900
13/06/2022,169.9300,0.0000,19.5000
14/06/2022,168.5700,0.0000,19.3700
15/06/2022,170.7700,0.0000,19.9600
16/06/2022,172.6900,0.0000,20.2400
17/06/2022,171.2700,0.0000,19.9800
21/06/2022,170.6300,0.0000,19.9800
22/06/2022,171.3100,0.0000,19.7600
23/06/2022,170.2600,0.0000,19.3700
24/06/2022,170.0900,0.0000,19.5100
27/06/2022,169.9000,0.0000,19.4900
28/06/2022,169.6200,0.0000,19.1900
29/06/2022,169.4900,0.0000,19.1400
30/06/2022,168.4600,0.0000,18.6400
01/07/2022,168.3200,0.0000,18.3100
05/07/2022,164.7500,0.0000,17.7300
06/07/2022,162.1400,0.0000,17.6900
07/07/2022,162.2300,0.0000,17.7500
08/07/2022,162.3000,0.0000,17.7900
11/07/2022,161.4300,0.0000,17.5800
12/07/2022,160.8300,0.0000,17.4400
13/07/2022,161.6000,0.0000,17.6900
14/07/2022,159.3300,0.0000,17.0000
15/07/2022,159.0100,0.0000,17.1900
18/07/2022,159.1600,0.0000,17.2200
19/07/2022,159.5400,0.0000,17.2900
20/07/2022,158.0400,0.0000,17.1900
21/07/2022,160.2700,0.0000,17.4000
22/07/2022,160.6700,0.0000,17.1400
25/07/2022,160.2300,0.0000,16.9800
26/07/2022,160.0400,0.0000,17.1600
27/07/2022,161.6700,0.0000,17.6000
28/07/2022,163.6400,0.0000,18.4300
29/07/2022,164.1000,0.0000,18.7000
01/08/2022,165.0300,0.0000,18.7900
02/08/2022,164.0500,0.0000,18.4100
03/08/2022,164.4500,0.0000,18.4900
04/08/2022,167.1700,0.0000,18.6400
05/08/2022,165.2900,0.0000,18.3300
08/08/2022,166.6900,0.0000,19.0300
09/08/2022,167.2000,0.0000,18.9300
10/08/2022,166.7800,0.0000,18.9500
11/08/2022,166.3400,0.0000,18.6700
12/08/2022,167.8700,0.0000,19.1700
15/08/2022,165.7100,0.0000,18.6800
16/08/2022,165.4200,0.0000,18.5700
17/08/2022,164.3500,0.0000,18.2500
18/08/2022,163.9200,0.0000,18.0400
19/08/2022,162.7200,0.0000,17.5500
22/08/2022,161.6400,0.0000,17.5000
23/08/2022,162.7700,0.0000,17.6200
24/08/2022,163.2500,0.0000,17.6300
25/08/2022,163.7500,0.0000,17.7300
26/08/2022,161.7600,0.0000,17.3600
29/08/2022,161.8600,0.0000,17.2900
30/08/2022,160.5100,0.0000,16.9600
31/08/2022,159.2700,0.0000,16.5800
01/09/2022,157.8700,0.0000,16.3800
02/09/2022,159.2600,0.0000,16.5700
06/09/2022,158.3300,0.0000,16.5400
07/09/2022,159.9400,0.0000,17.0000
08/09/2022,158.9800,0.0000,17.0300
09/09/2022,159.8200,0.0000,17.3200
12/09/2022,160.6300,0.0000,18.1700
13/09/2022,158.5400,0.0000,17.8300
14/09/2022,157.9300,0.0000,18.0000
15/09/2022,154.9800,0.0000,17.6300
16/09/2022,155.8400,0.0000,17.9900
19/09/2022,155.9600,0.0000,17.9900
20/09/2022,155.0700,0.0000,17.7300
21/09/2022,155.7900,0.0000,18.0600
22/09/2022,155.7000,0.0000,18.0900
23/09/2022,153.0100,0.0000,17.3600
26/09/2022,151.2300,0.0000,16.9200
27/09/2022,151.5400,0.0000,16.9000
28/09/2022,154.6900,0.0000,17.4500
29/09/2022,154.6600,0.0000,17.3700
30/09/2022,154.6700,0.0000,17.5000
03/10/2022,158.4300,0.0000,19.1000
04/10/2022,160.7000,0.0000,19.3600
05/10/2022,159.8100,0.0000,18.9900
06/10/2022,159.6300,0.0000,19.0400
07/10/2022,157.8800,0.0000,18.5000
10/10/2022,155.4800,0.0000,18.0900
11/10/2022,155.1600,0.0000,17.6800
12/10/2022,155.9900,0.0000,17.5900
13/10/2022,154.9100,0.0000,17.3900
14/10/2022,152.9800,0.0000,16.8100
17/10/2022,153.4200,0.0000,17.1200
18/10/2022,153.7500,0.0000,17.2300
19/10/2022,151.6900,0.0000,17.0100
20/10/2022,151.4500,0.0000,17.1700
21/10/2022,154.1500,0.0000,17.7600
24/10/2022,153.6500,0.0000,17.6800
25/10/2022,154.0000,0.0000,17.8600
26/10/2022,154.9800,0.0000,17.9800
27/10/2022,154.7400,0.0000,17.9800
28/10/2022,153.1600,0.0000,17.7400
31/10/2022,151.9100,0.0000,17.6200
01/11/2022,153.4600,0.0000,18.0500
02/11/2022,152.3900,0.0000,17.7300
03/11/2022,151.8100,0.0000,17.9400
04/11/2022,156.4700,0.0000,19.2600
07/11/2022,155.8500,0.0000,19.1500
08/11/2022,159.4500,0.0000,19.7000
09/11/2022,158.6500,0.0000,19.3600
10/11/2022,163.4800,0.0000,19.9700
11/11/2022,164.5600,0.0000,19.9500
14/11/2022,164.9200,0.0000,20.2400
15/11/2022,165.5000,0.0000,19.8800
16/11/2022,165.1200,0.0000,19.7400
17/11/2022,163.9200,0.0000,19.2900
18/11/2022,162.7900,0.0000,19.2500
21/11/2022,161.8800,0.0000,19.2000
22/11/2022,162.0700,0.0000,19.4300
23/11/2022,163.0800,0.0000,19.8100
25/11/2022,163.2200,0.0000,19.7200
28/11/2022,161.9300,0.0000,19.2600
29/11/2022,162.7300,0.0000,19.5600
30/11/2022,164.8100,0.0000,20.4300
01/12/2022,167.8400,0.0000,20.9800
02/12/2022,167.2600,0.0000,21.2900
05/12/2022,164.3900,0.0000,20.4400
06/12/2022,164.8400,0.0000,20.4400
07/12/2022,166.3300,0.0000,20.9200
08/12/2022,166.4700,0.0000,21.2100
09/12/2022,167.0600,0.0000,21.5600
12/12/2022,165.6800,0.0000,21.4600
13/12/2022,168.5100,0.0000,21.8300
14/12/2022,168.1000,0.0000,21.9900
15/12/2022,165.3500,0.0000,21.2400
16/12/2022,166.7900,0.0000,21.3700
19/12/2022,166.3200,0.0000,21.1200
20/12/2022,169.0800,0.0000,22.2300
21/12/2022,168.8000,0.0000,22.0700
22/12/2022,166.7600,0.0000,21.6900
23/12/2022,167.2600,0.0000,21.8500
27/12/2022,168.6700,0.0000,22.1100
28/12/2022,167.9100,0.0000,21.6000
29/12/2022,168.8500,0.0000,21.9700
30/12/2022,169.6400,0.0000,22.0200
03/01/2023,171.0600,0.0000,22.0500
04/01/2023,172.6700,0.0000,21.8900
05/01/2023,170.5200,0.0000,21.3900
06/01/2023,173.7100,0.0000,21.9200
09/01/2023,174.1000,0.0000,21.7400
10/01/2023,174.7400,0.0000,21.7300
11/01/2023,174.6200,0.0000,21.5500
12/01/2023,176.6400,0.0000,21.8800
13/01/2023,178.7600,0.0000,22.3300
17/01/2023,177.5900,0.0000,22.0100
18/01/2023,177.0800,0.0000,21.5700
19/01/2023,179.8900,0.0000,21.9600
20/01/2023,179.2900,0.0000,22.0200
23/01/2023,179.6300,0.0000,21.5800
24/01/2023,180.2800,0.0000,21.7600
25/01/2023,181.1100,0.0000,21.9700
26/01/2023,179.4700,0.0000,21.9900
27/01/2023,179.2200,0.0000,21.6800
30/01/2023,178.7600,0.0000,21.6600
31/01/2023,179.4100,0.0000,21.8300
01/02/2023,181.6700,0.0000,22.0800
02/02/2023,177.9000,0.0000,21.5700
03/02/2023,173.4600,0.0000,20.5700
06/02/2023,173.8200,0.0000,20.4800
07/02/2023,173.9800,0.0000,20.3800
08/02/2023,174.4100,0.0000,20.4800
09/02/2023,173.0300,0.0000,20.1800
10/02/2023,173.3600,0.0000,20.2400
13/02/2023,172.4800,0.0000,20.2000
14/02/2023,172.6100,0.0000,20.1200
15/02/2023,170.8900,0.0000,19.8900
16/02/2023,170.7500,0.0000,19.8400
17/02/2023,171.2600,0.0000,20.0100
21/02/2023,170.6200,0.0000,20.0700
22/02/2023,169.6600,0.0000,19.7500
23/02/2023,169.5700,0.0000,19.6300
24/02/2023,168.3500,0.0000,19.0900
27/02/2023,169.0100,0.0000,18.9300
28/02/2023,169.7800,0.0000,19.2200
01/03/2023,170.7600,0.0000,19.2900
02/03/2023,170.6600,0.0000,19.2400
03/03/2023,172.4900,0.0000,19.5500
06/03/2023,171.6200,0.0000,19.3200
07/03/2023,168.6200,0.0000,18.4500
08/03/2023,168.5400,0.0000,18.4000
09/03/2023,170.2000,0.0000,18.4400
10/03/2023,173.8700,0.0000,18.8600
13/03/2023,177.8600,0.0000,20.0000
14/03/2023,176.8300,0.0000,19.8900
15/03/2023,178.2100,0.0000,20.0000
16/03/2023,178.5700,0.0000,19.9200
17/03/2023,183.7700,0.0000,20.6300
20/03/2023,183.8400,0.0000,20.6900
21/03/2023,180.3700,0.0000,20.5400
22/03/2023,183.4400,0.0000,21.1000
23/03/2023,185.7400,0.0000,21.2800
24/03/2023,183.6500,0.0000,21.2200
27/03/2023,181.9500,0.0000,21.2200
28/03/2023,183.4400,0.0000,21.4300
29/03/2023,182.5300,0.0000,21.4400
30/03/2023,184.1800,0.0000,21.9400
31/03/2023,183.2200,0.0000,22.1200
03/04/2023,184.5400,0.0000,22.0600
04/04/2023,187.9800,0.0000,22.9700
05/04/2023,187.8300,0.0000,22.9400
06/04/2023,186.4900,0.0000,22.8900
10/04/2023,185.1100,0.0000,22.8800
11/04/2023,186.2800,0.0000,23.0400
12/04/2023,187.1900,0.0000,23.4300
13/04/2023,189.7200,0.0000,23.7400
14/04/2023,186.3600,0.0000,23.3100
17/04/2023,185.5300,0.0000,23.0200
18/04/2023,186.2500,0.0000,23.1500
19/04/2023,185.3600,0.0000,23.2300
20/04/2023,186.0900,0.0000,23.1700
21/04/2023,184.2500,0.0000,22.9800
24/04/2023,184.8100,0.0000,23.0800
25/04/2023,185.7500,0.0000,22.9900
26/04/2023,184.7400,0.0000,22.8300
27/04/2023,184.7500,0.0000,22.8900
28/04/2023,184.8000,0.0000,23.0000
01/05/2023,183.9700,0.0000,22.8900
02/05/2023,187.5200,0.0000,23.3500
03/05/2023,189.1100,0.0000,23.4300
04/05/2023,190.4400,0.0000,23.9400
05/05/2023,187.4600,0.0000,23.5700
08/05/2023,187.6900,0.0000,23.4900
09/05/2023,189.0200,0.0000,23.4800
10/05/2023,188.7500,0.0000,23.3100
11/05/2023,187.1300,0.0000,22.2000
12/05/2023,186.8100,0.0000,22.0200
15/05/2023,187.2100,0.0000,22.1000
16/05/2023,184.8700,0.0000,21.8100
17/05/2023,184.2300,0.0000,21.8200
18/05/2023,181.8400,0.0000,21.5600
19/05/2023,183.6400,0.0000,21.8600
22/05/2023,183.2100,0.0000,21.6700
23/05/2023,183.4300,0.0000,21.5100
24/05/2023,181.9500,0.0000,21.1600
25/05/2023,180.2000,0.0000,20.8600
26/05/2023,180.9200,0.0000,21.3800
30/05/2023,182.0400,0.0000,21.3000
31/05/2023,182.3200,0.0000,21.6100
01/06/2023,183.7600,0.0000,21.9500
02/06/2023,181.0500,0.0000,21.6900
05/06/2023,182.1400,0.0000,21.6400
06/06/2023,182.3400,0.0000,21.6500
07/06/2023,180.1500,0.0000,21.5100
08/06/2023,182.5300,0.0000,22.3000
09/06/2023,182.0400,0.0000,22.2700
12/06/2023,181.8800,0.0000,22.0800
13/06/2023,180.5400,0.0000,21.7400
14/06/2023,180.6400,0.0000,21.9700
15/06/2023,181.9100,0.0000,21.9400
16/06/2023,181.6300,0.0000,22.1800
20/06/2023,179.7500,0.0000,21.2600
21/06/2023,179.4900,0.0000,20.8400
22/06/2023,177.7100,0.0000,20.5300
23/06/2023,178.2000,0.0000,20.5800
26/06/2023,178.5100,0.0000,20.9000
27/06/2023,177.6900,0.0000,20.9800
28/06/2023,177.2800,0.0000,20.8400
29/06/2023,177.0900,0.0000,20.7200
30/06/2023,178.2700,0.0000,20.8900
03/07/2023,178.4700,0.0000,21.0100
05/07/2023,177.8400,0.0000,21.2100
06/07/2023,177.3100,0.0000,20.8300
07/07/2023,178.6400,0.0000,21.1800
10/07/2023,178.7800,0.0000,21.2400
11/07/2023,179.4500,0.0000,21.2000
12/07/2023,181.8800,0.0000,22.1500
13/07/2023,182.0100,0.0000,22.7800
14/07/2023,181.4300,0.0000,22.8600
17/07/2023,181.5600,0.0000,22.7900
18/07/2023,183.6400,0.0000,22.9900
19/07/2023,183.6700,0.0000,23.1000
20/07/2023,182.7400,0.0000,22.6800
21/07/2023,182.1800,0.0000,22.5700
24/07/2023,181.4000,0.0000,22.3300
25/07/2023,182.4100,0.0000,22.6200
26/07/2023,183.3000,0.0000,22.9100
27/07/2023,180.4200,0.0000,22.1100
28/07/2023,181.8600,0.0000,22.3200
31/07/2023,182.3500,0.0000,22.6900
01/08/2023,180.4600,0.0000,22.2900
02/08/2023,179.6000,0.0000,21.7500
03/08/2023,179.5400,0.0000,21.6300
04/08/2023,180.1900,0.0000,21.6600
07/08/2023,179.7800,0.0000,21.2100
08/08/2023,178.6400,0.0000,20.9000
09/08/2023,177.7900,0.0000,20.8000
10/08/2023,177.6000,0.0000,20.8300
11/08/2023,177.6000,0.0000,20.8000
14/08/2023,177.0600,0.0000,20.7200
15/08/2023,176.5900,0.0000,20.6700
16/08/2023,175.5700,0.0000,20.5600
17/08/2023,175.3000,0.0000,20.8000
18/08/2023,175.3300,0.0000,20.8700
21/08/2023,175.8100,0.0000,21.3600
22/08/2023,176.1000,0.0000,21.4600
23/08/2023,177.8900,0.0000,22.2900
24/08/2023,177.8500,0.0000,22.1100
25/08/2023,177.6200,0.0000,22.2200
28/08/2023,178.1300,0.0000,22.2200
29/08/2023,179.8700,0.0000,22.7100
30/08/2023,180.3200,0.0000,22.5700
31/08/2023,180.0200,0.0000,22.3900
01/09/2023,180.1100,0.0000,22.1700
05/09/2023,178.6400,0.0000,21.5900
06/09/2023,177.8300,0.0000,21.2400
07/09/2023,178.0200,0.0000,21.0500
08/09/2023,178.0800,0.0000,21.0100
11/09/2023,178.4100,0.0000,21.1600
12/09/2023,177.4900,0.0000,21.1300
13/09/2023,177.0800,0.0000,20.9300
14/09/2023,177.1700,0.0000,20.7300
15/09/2023,178.3400,0.0000,21.1100
18/09/2023,179.3900,0.0000,21.3000
19/09/2023,179.2200,0.0000,21.2700
20/09/2023,179.3500,0.0000,21.3400
21/09/2023,178.0500,0.0000,21.4400
22/09/2023,178.6200,0.0000,21.5800
25/09/2023,177.7000,0.0000,21.2000
26/09/2023,176.2800,0.0000,20.9600
27/09/2023,174.1000,0.0000,20.7000
28/09/2023,173.2300,0.0000,20.7400
29/09/2023,171.4500,0.0000,20.3400
02/10/2023,169.6500,0.0000,19.4200
03/10/2023,169.1600,0.0000,19.4400
04/10/2023,169.1400,0.0000,19.3100
05/10/2023,168.8300,0.0000,19.2500
06/10/2023,169.7000,0.0000,19.7300
09/10/2023,172.8200,0.0000,20.0600
10/10/2023,172.5300,0.0000,19.9800
11/10/2023,173.7900,0.0000,20.1800
12/10/2023,173.2600,0.0000,19.9600
13/10/2023,178.8300,0.0000,20.7800
16/10/2023,177.9600,0.0000,20.6800
17/10/2023,178.2900,0.0000,20.9200
18/10/2023,180.8700,0.0000,20.9500
19/10/2023,183.0900,0.0000,21.1100
20/10/2023,183.5900,0.0000,21.4000
23/10/2023,182.9700,0.0000,21.0500
24/10/2023,182.9500,0.0000,21.0200
25/10/2023,183.7200,0.0000,20.9400
26/10/2023,184.0100,0.0000,20.8500
27/10/2023,186.1500,0.0000,21.1800
30/10/2023,185.1000,0.0000,21.3400
31/10/2023,184.0900,0.0000,20.9800
01/11/2023,183.5100,0.0000,20.9700
02/11/2023,184.1200,0.0000,20.8700
03/11/2023,184.7900,0.0000,21.2200
06/11/2023,183.3500,0.0000,21.0800
07/11/2023,182.5900,0.0000,20.7300
08/11/2023,180.7700,0.0000,20.6500
09/11/2023,181.4900,0.0000,20.6900
10/11/2023,179.5100,0.0000,20.3400
13/11/2023,180.5100,0.0000,20.4300
14/11/2023,182.1200,0.0000,21.1700
15/11/2023,181.6400,0.0000,21.4500
16/11/2023,183.6900,0.0000,21.7600
17/11/2023,183.6700,0.0000,21.7500
20/11/2023,183.3700,0.0000,21.4800
21/11/2023,185.3500,0.0000,21.7700
22/11/2023,184.5600,0.0000,21.6700
24/11/2023,185.5200,0.0000,22.2700
27/11/2023,186.7700,0.0000,22.5600
28/11/2023,189.2600,0.0000,22.9200
29/11/2023,189.5400,0.0000,22.8800
30/11/2023,188.7500,0.0000,23.1300
01/12/2023,192.0100,0.0000,23.3300
04/12/2023,187.8600,0.0000,22.4600
05/12/2023,187.1500,0.0000,22.1200
06/12/2023,187.8400,0.0000,21.9300
07/12/2023,188.1500,0.0000,21.7900
08/12/2023,185.6400,0.0000,21.1000
11/12/2023,183.5900,0.0000,20.9100
12/12/2023,183.4900,0.0000,20.8400
13/12/2023,187.6300,0.0000,21.7700
14/12/2023,188.7300,0.0000,22.1500
15/12/2023,187.0000,0.0000,21.8300
18/12/2023,187.8500,0.0000,21.8000
19/12/2023,189.1300,0.0000,22.0300
20/12/2023,188.1000,0.0000,22.0400
21/12/2023,189.4300,0.0000,22.3100
22/12/2023,190.2700,0.0000,22.1200
26/12/2023,191.7200,0.0000,22.2000
27/12/2023,192.5900,0.0000,22.2300
28/12/2023,191.4700,0.0000,21.9900
29/12/2023,191.1700,0.0000,21.7800
02/01/2024,190.7200,0.0000,21.6500
03/01/2024,189.1300,0.0000,21.0600
04/01/2024,189.3200,0.0000,21.0800
05/01/2024,189.3500,0.0000,21.2100
08/01/2024,187.8700,0.0000,21.1300
09/01/2024,187.9300,0.0000,21.0000
10/01/2024,187.5000,0.0000,20.9400
11/01/2024,187.8700,26.6300,20.8200
12/01/2024,189.7100,24.9700,21.1900
16/01/2024,187.9100,24.7200,20.9600
17/01/2024,185.8400,24.4100,20.6500
18/01/2024,187.3700,23.3400,20.8100
19/01/2024,187.9300,23.8000,20.6700
22/01/2024,187.2200,22.9500,20.2200
23/01/2024,187.9500,22.3200,20.5300
24/01/2024,186.4000,22.6000,20.7100
25/01/2024,187.1400,22.7600,20.9400
26/01/2024,187.0100,23.9900,20.8600
29/01/2024,188.3300,24.6700,21.2100
30/01/2024,188.5900,24.8800,21.1900
31/01/2024,188.4500,24.3000,20.9100
01/02/2024,190.4100,24.5400,21.2100
02/02/2024,188.6100,24.5000,20.7500
05/02/2024,187.5700,24.1900,20.4700
06/02/2024,188.5500,24.6000,20.5100
07/02/2024,188.5000,25.2200,20.3300
08/02/2024,188.3300,26.0300,20.6500
09/02/2024,187.6000,27.1500,20.6800
12/02/2024,187.1100,28.6600,20.7600
13/02/2024,184.5300,28.2200,20.2000
14/02/2024,184.4200,29.5500,20.4400
15/02/2024,185.6600,29.5200,20.9400
16/02/2024,186.3400,29.6200,21.3900
20/02/2024,187.4700,29.6700,21.0700
21/02/2024,187.4800,29.0800,20.9600
22/02/2024,187.5600,29.7200,20.8200
23/02/2024,188.6200,29.1600,20.9900
26/02/2024,188.2000,31.1200,20.6200
27/02/2024,188.0000,32.5900,20.5700
28/02/2024,188.3400,34.4500,20.5500
29/02/2024,189.3100,35.4200,20.7300
01/03/2024,192.8900,35.9900,21.1700
04/03/2024,196.0100,38.6500,21.8600
05/03/2024,197.1900,35.3200,21.6700
06/03/2024,198.8100,38.2900,22.1000
07/03/2024,199.9400,38.6300,22.2400
08/03/2024,201.6300,39.5500,22.2300
11/03/2024,202.0000,41.1200,22.3500
12/03/2024,199.7900,40.7300,22.0900
13/03/2024,201.1900,41.9500,22.7900
14/03/2024,200.3500,39.5100,22.7300
15/03/2024,199.7100,39.3900,23.0300
18/03/2024,200.0300,38.1400,22.9100
19/03/2024,199.8000,36.7000,22.7900
20/03/2024,202.1800,37.5500,23.2900
21/03/2024,201.9700,37.1500,22.6500
22/03/2024,200.3500,36.4100,22.5600
25/03/2024,200.9900,40.5500,22.5800
26/03/2024,201.6400,39.6300,22.3400
27/03/2024,203.1000,39.1300,22.5100
28/03/2024,205.7200,40.4700,22.7500
01/04/2024,207.8200,39.7500,22.8600
02/04/2024,210.8900,37.6000,23.8400
03/04/2024,212.7400,37.5400,24.7300
04/04/2024,211.5200,39.0800,24.4900
05/04/2024,215.1400,38.4100,25.0300
08/04/2024,216.4800,40.9500,25.4000
09/04/2024,217.6700,39.3300,25.7200
10/04/2024,215.6100,40.0000,25.4500
11/04/2024,219.8000,40.1700,26.0100
12/04/2024,216.8900,38.1400,25.6300
15/04/2024,220.9500,36.0800,26.4100
16/04/2024,221.2200,35.7500,25.8000
17/04/2024,219.5900,34.7600,25.8500
18/04/2024,220.3400,36.2100,25.8600
19/04/2024,221.0300,36.6700,26.2000
22/04/2024,215.5700,37.9300,24.9300
23/04/2024,215.0400,37.9000,24.9900
24/04/2024,214.6400,36.4100,24.9000
25/04/2024,215.9200,36.8600,25.0600
26/04/2024,216.6200,36.3200,24.8900
29/04/2024,216.1800,35.8700,24.8300
30/04/2024,211.8700,33.5700,24.0500
01/05/2024,213.7900,32.3900,24.2700
02/05/2024,213.1300,33.8000,24.3600
03/05/2024,212.9600,35.4000,24.2200
06/05/2024,215.2000,36.0100,25.0700
07/05/2024,214.2100,35.9300,24.9200
08/05/2024,213.5800,35.3800,24.9500
09/05/2024,216.9500,35.5800,25.8600
10/05/2024,218.7100,34.5800,25.7700
13/05/2024,216.2600,36.0000,25.8000
14/05/2024,218.0900,35.0700,26.1300
15/05/2024,220.8900,37.6700,27.1200
16/05/2024,220.0300,37.1500,27.0600
17/05/2024,223.6600,38.2800,28.7900
20/05/2024,224.5600,39.9700,28.9800
21/05/2024,224.2300,39.4700,29.2700
22/05/2024,220.1100,39.7100,28.2200
23/05/2024,215.7200,38.2700,27.5500
24/05/2024,215.9200,39.4600,27.7400
28/05/2024,218.1900,38.9800,29.2400
29/05/2024,216.1600,38.3200,29.1700
30/05/2024,216.5700,39.1600,28.4200
31/05/2024,215.3000,38.5500,27.7600
03/06/2024,217.2200,39.4400,27.8900
04/06/2024,215.2700,40.1700,27.0200
05/06/2024,217.8200,40.6700,27.4000
06/06/2024,219.4300,40.1600,28.5300
07/06/2024,211.6000,39.4200,26.6700
10/06/2024,213.5400,39.5900,27.1200
11/06/2024,214.1500,38.4300,26.7100
12/06/2024,214.7200,38.4500,27.0300
13/06/2024,212.9700,37.9000,26.4300
14/06/2024,215.7300,37.3000,27.0100
17/06/2024,214.6100,37.9800,26.9200
18/06/2024,215.4700,36.6400,26.9600
20/06/2024,218.1600,37.0400,28.0000
21/06/2024,214.7800,36.5800,26.9800
24/06/2024,215.6300,33.7650,27.0000
25/06/2024,214.5600,35.3000,26.4000
26/06/2024,212.5800,34.7100,26.3100
27/06/2024,214.9900,34.9800,26.4500
28/06/2024,215.0100,34.1400,26.5700
01/07/2024,215.5700,36.0000,26.8500
02/07/2024,215.5600,35.2200,26.9700
03/07/2024,217.9900,34.4400,27.8400
05/07/2024,220.9300,32.2000,28.4800
08/07/2024,218.1900,32.1600,28.1300
09/07/2024,218.5600,32.9600,28.1200
10/07/2024,219.3600,32.6700,28.1600
11/07/2024,223.2500,32.7000,28.6800
12/07/2024,223.1100,32.8500,28.1200
15/07/2024,223.8300,36.1500,28.0300
16/07/2024,228.2900,37.1700,28.6100
17/07/2024,227.2300,36.8400,27.6700
18/07/2024,225.7800,36.2200,27.2000
19/07/2024,221.7300,38.4000,26.6900
22/07/2024,221.8000,38.9300,26.6300
23/07/2024,222.5800,37.3400,26.6800
24/07/2024,221.8000,37.4200,26.4300
25/07/2024,218.3300,36.8300,25.4100
26/07/2024,220.6300,38.7900,25.4800
29/07/2024,220.3200,38.3400,25.4400
30/07/2024,222.5200,37.5500,25.8300
31/07/2024,226.5500,37.1800,26.3900
01/08/2024,225.7700,36.0700,26.0300
02/08/2024,225.3400,35.6100,26.0400
05/08/2024,222.4800,30.4800,24.8600
06/08/2024,220.7000,32.3400,24.6400
07/08/2024,220.5500,31.1900,24.3300
08/08/2024,224.0100,33.8800,25.0100
09/08/2024,224.5600,34.6000,25.0000
12/08/2024,228.4100,33.6400,25.4900
13/08/2024,228.0600,34.6400,25.4200
14/08/2024,226.2000,33.5600,25.1300
15/08/2024,226.9100,32.5000,25.8600
16/08/2024,231.9900,34.0300,26.4300
19/08/2024,231.6100,33.6200,26.8300
20/08/2024,232.4600,33.9200,26.8700
21/08/2024,232.1500,35.1300,26.9500
22/08/2024,229.3700,34.3500,26.3900
23/08/2024,232.0200,36.2800,27.2000
26/08/2024,232.7600,36.0900,27.3200
27/08/2024,233.3900,35.3800,27.3600
28/08/2024,231.7500,33.5200,26.6900
29/08/2024,232.9500,33.6900,26.8100
30/08/2024,231.2900,33.3700,26.3500
03/09/2024,230.2900,32.9800,25.5800
04/09/2024,230.4300,33.0400,25.6800
05/09/2024,232.3500,31.8500,26.2300
06/09/2024,230.6300,30.4100,25.4800
09/09/2024,231.6000,32.5100,25.8500
10/09/2024,232.6200,33.0000,25.9400
11/09/2024,232.2500,32.8000,26.1200
12/09/2024,236.3300,33.2500,27.2700
13/09/2024,238.6800,34.0400,28.0200
16/09/2024,238.6600,32.9800,28.0700
17/09/2024,237.3400,34.1000,27.9600
18/09/2024,235.5100,34.1500,27.2400
19/09/2024,239.1700,36.0100,28.0900
20/09/2024,242.2100,35.8000,28.4100
23/09/2024,242.6800,36.0400,27.9800
24/09/2024,246.0700,36.6400,29.3800
25/09/2024,245.7300,35.9700,29.0600
26/09/2024,246.9800,36.8400,29.2600
27/09/2024,245.0200,37.3900,28.8600
30/09/2024,243.0600,36.1300,28.4100
01/10/2024,245.6100,35.1300,28.5800
02/10/2024,245.6600,34.2400,29.0000
03/10/2024,245.4900,34.7200,29.2300
04/10/2024,245.0000,35.5200,29.3600
07/10/2024,244.1700,36.0600,28.9300
08/10/2024,242.3700,35.4000,28.0100
09/10/2024,241.0500,34.6800,27.8600
10/10/2024,242.8200,33.9500,28.3800
11/10/2024,245.4700,35.9400,28.8000
14/10/2024,245.0700,37.5700,28.5400
15/10/2024,245.9200,38.1700,28.7100
16/10/2024,247.1500,38.5800,28.9100
17/10/2024,248.6300,38.0500,28.8900
18/10/2024,251.2700,39.0700,30.6400
21/10/2024,251.2200,38.5700,30.8500
22/10/2024,253.9300,38.4100,31.7400
23/10/2024,250.8700,37.8100,30.7100
24/10/2024,252.8000,38.8700,30.6900
25/10/2024,253.3200,38.0100,30.6300
28/10/2024,253.3300,39.6700,30.7300
29/10/2024,256.0900,41.3300,31.3900
30/10/2024,257.5000,40.8800,30.8100
31/10/2024,253.5100,39.7800,29.8100
01/11/2024,252.4700,39.3700,29.5400
04/11/2024,252.8300,38.2500,29.6300
05/11/2024,253.4000,39.5100,29.7500
06/11/2024,245.7000,43.4000,28.4300
07/11/2024,249.6500,43.6000,29.1100
08/11/2024,247.9600,43.6900,28.4800
11/11/2024,242.1400,49.5700,27.9700
12/11/2024,240.0500,51.0500,28.0700
13/11/2024,237.6300,51.0400,27.6100
14/11/2024,237.0100,49.7300,27.8100
15/11/2024,236.5900,52.1300,27.5700
18/11/2024,241.0900,52.1300,28.3800
19/11/2024,243.2500,52.7000,28.5000
20/11/2024,244.6200,53.7200,28.1000
21/11/2024,246.6600,55.9000,28.0400
22/11/2024,249.8400,56.4900,28.4700
25/11/2024,242.4800,54.0200,27.6300
26/11/2024,242.9500,51.7000,27.8000
27/11/2024,243.4900,55.0300,27.4500
29/11/2024,245.5900,55.2100,27.9200
02/12/2024,243.4400,54.4800,27.7900
03/12/2024,243.9300,54.4600,28.2800
04/12/2024,244.6700,56.4200,28.5300
05/12/2024,242.8600,56.4000,28.5600
06/12/2024,242.9500,57.8000,28.2500
09/12/2024,245.3600,54.7300,28.9800
10/12/2024,248.5900,54.9000,28.9900
11/12/2024,250.9600,57.7200,29.0400
12/12/2024,247.2800,56.9200,28.2000
13/12/2024,244.2900,57.9100,27.7500
16/12/2024,244.8800,60.2200,27.8000
17/12/2024,243.9400,60.7300,27.8100
18/12/2024,239.2600,57.1800,26.8500
19/12/2024,239.6000,54.7200,26.5200
20/12/2024,242.1000,54.8100,26.9200
23/12/2024,240.9600,52.8700,26.9900
24/12/2024,241.4400,56.2300,27.0200
26/12/2024,243.0700,54.3000,27.1400
27/12/2024,241.4000,53.6800,26.7600
30/12/2024,240.6300,53.5500,26.4300
31/12/2024,242.1300,53.0500,26.3300
02/01/2025,245.4200,55.3700,26.9300
03/01/2025,243.4900,55.9600,26.9800
06/01/2025,243.1900,58.1700,27.2400
07/01/2025,244.5600,54.7900,27.3300
08/01/2025,245.8600,53.3400,27.4000
10/01/2025,248.2100,53.8400,27.6100
13/01/2025,245.7400,53.2200,26.9600
14/01/2025,247.0300,54.8300,27.2000
15/01/2025,248.8800,56.6400,27.9600
16/01/2025,250.6000,57.0900,28.0400
17/01/2025,249.2700,59.6200,27.6100
21/01/2025,253.1300,60.4200,28.0400
22/01/2025,254.4300,59.3800,28.0500
23/01/2025,254.0700,58.7900,27.7700
24/01/2025,255.6500,59.7000,27.9100
27/01/2025,252.9900,57.6700,27.4600
28/01/2025,255.1800,57.5800,27.6300
29/01/2025,254.2000,59.3400,28.0000
30/01/2025,258.0500,59.7200,28.7200
31/01/2025,258.5600,57.7100,28.5100
03/02/2025,259.9400,57.5800,28.6700
04/02/2025,262.5000,56.1300,29.2200
05/02/2025,264.1300,55.3300,29.3500
06/02/2025,263.4300,55.1200,29.3800
07/02/2025,263.9000,54.4700,29.0300
10/02/2025,268.3700,55.3800,29.2000
11/02/2025,267.3900,54.1100,29.0000
12/02/2025,267.6700,55.1600,29.3400
13/02/2025,270.3100,54.7400,29.4600
14/02/2025,266.2900,55.3300,29.3100
18/02/2025,270.7000,53.5100,29.9100
19/02/2025,270.8500,54.6500,29.8100
20/02/2025,270.9900,56.0400,29.9500
21/02/2025,270.7400,53.9200,29.5900
24/02/2025,272.2100,53.4100,29.4400
25/02/2025,268.6200,50.0300,28.8300
26/02/2025,269.0300,47.9600,28.9400
27/02/2025,264.9300,47.3500,28.4000
28/02/2025,263.2700,47.9000,28.3100
03/03/2025,266.7400,48.9000,28.7500
04/03/2025,269.0600,49.3900,29.0000
05/03/2025,269.6200,51.4400,29.7700
06/03/2025,268.2500,50.6400,29.6900
07/03/2025,268.3900,49.4300,29.5900
10/03/2025,266.0400,44.9100,29.1100
11/03/2025,269.1600,47.2400,29.9600
12/03/2025,270.3300,47.1500,30.2200
13/03/2025,275.1300,45.5200,30.7400
14/03/2025,275.2400,48.1400,30.7100
17/03/2025,276.7300,48.0600,30.8100
18/03/2025,279.9600,46.8100,30.8500
19/03/2025,281.1100,48.6100,30.7500
20/03/2025,280.7500,47.8500,30.5000
21/03/2025,278.4900,47.7000,30.0200
24/03/2025,277.2500,50.1800,29.9600
25/03/2025,278.4700,50.1400,30.5800
26/03/2025,278.2400,49.1800,30.5300
27/03/2025,281.9700,49.4400,31.3200
28/03/2025,284.0600,47.5600,31.0000
31/03/2025,288.1400,46.8100,30.9900
01/04/2025,287.5700,48.3000,30.6300
02/04/2025,288.1600,49.4100,30.7600
03/04/2025,286.4200,46.5700,28.8900
04/04/2025,279.7200,47.7100,27.0800
07/04/2025,273.7100,44.2700,27.1400
08/04/2025,275.2000,43.5900,27.1400
09/04/2025,285.3800,46.8300,28.0600
10/04/2025,292.3500,45.1700,28.2800
11/04/2025,297.9300,47.6700,29.1900
14/04/2025,296.2300,48.2800,29.3800
15/04/2025,297.7800,47.7400,29.4100
16/04/2025,307.4700,47.9600,29.7600
17/04/2025,306.1200,48.2600,29.5500
21/04/2025,315.5900,49.7200,29.7900
22/04/2025,311.1100,52.0800,29.5000
23/04/2025,303.6500,53.2000,30.5600
